0.02,0,0,0,0,0,0,1,0,0,0,0,0,0,0,0,0,0,0,0,1
0.04,0,0,0,0,0,0,1,0,0,0,0,0,0,0,0,0,0,0,0,1
0.3733333,0,0,0,0,0,0,1,0,0,0,0,0,0,0,0,0,0,0,0,1
0.4312796,0,0,0,0,0,0,1,0,0,0,0,0,0,0,0,0,0,0,0,1
0.4573185,0,0,0,0,0,0,1,0,0,0,0,0,0,0,0,0,0,0,0,1
0.4714289,0,0,0,0,0,0,1,0,0,0,0,0,0,0,0,0,0,0,0,1
0.4848611,0,0,0,0,0,0,1,0,0,0,0,0,0,0,0,0,0,0,0,1
0.4997865,0,0,0,0,0,0,1,0,0,0,0,0,0,0,0,0,0,0,0,1
0.5128391,0,0,0,0,0,0,1,0,0,0,0,0,0,0,0,0,0,0,0,1
0.5265403,0,0,0,0,0,0,1,0,0,0,0,0,0,0,0,0,0,0,0,1
0.5395815,0,0,0,0,0,0,1,0,0,0,0,0,0,0,0,0,0,0,0,1
0.5525671,0,0,0,0,0,0,1,0,0,0,0,0,0,0,0,0,0,0,0,1
0.5654722,0,0,0,0,0,0,1,0,0,0,0,0,0,0,0,0,0,0,0,1
0.5801148,0,0,0,0,0,0,1,0,0,0,0,0,0,0,0,0,0,0,0,1
0.5932723,0,0,0,0,0,0,1,0,0,0,0,0,0,0,0,0,0,0,0,1
0.6064489,0,0,0,0,0,0,1,0,0,0,0,0,0,0,0,0,0,0,0,1
0.6190581,0,0,0,0,0,0,1,0,0,0,0,0,0,0,0,0,0,0,0,1
0.6319717,0,0,0,0,0,0,1,0,0,0,0,0,0,0,0,0,0,0,0,1
0.6454819,0,0,0,0,0,0,1,0,0,0,0,0,0,0,0,0,0,0,0,1
0.6587597,0,0,0,0,0,0,1,0,0,0,0,0,0,0,0,0,0,0,0,1
0.6723556,0,0,0,0,0,0,1,0,0,0,0,0,0,0,0,0,0,0,0,1
0.6891839,0,0,0,0,0,0,1,0,0,0,0,0,0,0,0,0,0,0,0,1
0.7066776,0,0,0,0,0,0,1,0,0,0,0,0,0,0,0,0,0,0,0,1
0.7206547,0,0,0,0,0,0,1,0,0,0,0,0,0,0,0,0,0,0,0,1
0.756533,0,0,0,0,0,0,1,0,0,0,0,0,0,0,0,0,0,0,0,1
0.7744738,0,0,0,0,0,0,1,0,0,0,0,0,0,0,0,0,0,0,0,1
0.8006892,0,0,0,0,0,0,1,0,0,0,0,0,0,0,0,0,0,0,0,1
0.8550264,0,0,0,0,0,0,1,0,0,0,0,0,0,0,0,0,0,0,0,1
0.9318503,0,0,0,0,0,0,1,0,0,0,0,0,0,0,0,0,0,0,0,1
0.9969938,0,0,0,0,0,0,1,0,0,0,0,0,0,0,0,0,0,0,0,1
1.061944,0,0,0,0,0,0,1,0,0,0,0,0,0,0,0,0,0,0,0,1
1.150892,0,0,0,0,0,0,1,0,0,0,0,0,0,0,0,0,0,0,0,1
1.29381,0,0,0,0,0,0,1,0,0,0,0,0,0,0,0,0,0,0,0,1
1.383427,0,0,0,0,0,0,1,0,0,0,0,0,0,0,0,0,0,0,0,1
1.451235,0,0,0,0,0,0,1,0,0,0,0,0,0,0,0,0,0,0,0,1
1.556379,0,0,0,0,0,0,1,0,0,0,0,0,0,0,0,0,0,0,0,1
1.65636,0,0,0,0,0,0,1,0,0,0,0,0,0,0,0,0,0,0,0,1
1.729997,0,0,0,0,0,0,1,0,0,0,0,0,0,0,0,0,0,0,0,1
1.799062,0,0,0,0,0,0,1,0,0,0,0,0,0,0,0,0,0,0,0,1
1.891365,0,0,0,0,0,0,1,0,0,0,0,0,0,0,0,0,0,0,0,1
1.987472,0,0,0,0,0,0,1,0,0,0,0,0,0,0,0,0,0,0,0,1
2.06344,0,0,0,0,0,0,1,0,0,0,0,0,0,0,0,0,0,0,0,1
2.13941,0,0,0,0,0,0,1,0,0,0,0,0,0,0,0,0,0,0,0,1
2.181998,0,0,0,0,0,0,1,0,0,0,0,0,0,0,0,0,0,0,0,1
2.230826,0,0,0,0,0,0,1,0,0,0,0,0,0,0,0,0,0,0,0,1
2.260916,0,0,0,0,0,0,1,0,0,0,0,0,0,0,0,0,0,0,0,1
2.307009,0,0,0,0,0,0,1,0,0,0,0,0,0,0,0,0,0,0,0,1
2.356,0,0,0,0,0,0,1,0,0,0,0,0,0,0,0,0,0,0,0,1
2.392136,0,0,0,0,0,0,1,0,0,0,0,0,0,0,0,0,0,0,0,1
2.412225,0,0,0,0,0,0,1,0,0,0,0,0,0,0,0,0,0,0,0,1
2.433822,0,0,0,0,0,0,1,0,0,0,0,0,0,0,0,0,0,0,0,1
2.453373,0,0,0,0,0,0,1,0,0,0,0,0,0,0,0,0,0,0,0,1
2.475881,0,0,0,0,0,0,1,0,0,0,0,0,0,0,0,0,0,0,0,1
2.5203,0,0,0,0,0,0,1,0,0,0,0,0,0,0,0,0,0,0,0,1
2.565441,0,0,0,0,0,0,1,0,0,0,0,0,0,0,0,0,0,0,0,1
2.596716,0,0,0,0,0,0,1,0,0,0,0,0,0,0,0,0,0,0,0,1
2.614171,0,0,0,0,0,0,1,0,0,0,0,0,0,0,0,0,0,0,0,1
2.632926,0,0,0,0,0,0,1,0,0,0,0,0,0,0,0,0,0,0,0,1
2.652251,0,0,0,0,0,0,1,0,0,0,0,0,0,0,0,0,0,0,0,1
2.67234,0,0,0,0,0,0,1,0,0,0,0,0,0,0,0,0,0,0,0,1
2.692893,0,0,0,0,0,0,1,0,0,0,0,0,0,0,0,0,0,0,0,1
2.712424,0,0,0,0,0,0,1,0,0,0,0,0,0,0,0,0,0,0,0,1
2.731576,0,0,0,0,0,0,1,0,0,0,0,0,0,0,0,0,0,0,0,1
2.755471,0,0,0,0,0,0,1,0,0,0,0,0,0,0,0,0,0,0,0,1
2.77483,0,0,0,0,0,0,1,0,0,0,0,0,0,0,0,0,0,0,0,1
2.793322,0,0,0,0,0,0,1,0,0,0,0,0,0,0,0,0,0,0,0,1
2.811914,0,0,0,0,0,0,1,0,0,0,0,0,0,0,0,0,0,0,0,1
2.831845,0,0,0,0,0,0,1,0,0,0,0,0,0,0,0,0,0,0,0,1
2.850573,0,0,0,0,0,0,1,0,0,0,0,0,0,0,0,0,0,0,0,1
2.869043,0,0,0,0,0,0,1,0,0,0,0,0,0,0,0,0,0,0,0,1
2.887628,0,0,0,0,0,0,1,0,0,0,0,0,0,0,0,0,0,0,0,1
2.906265,0,0,0,0,0,0,1,0,0,0,0,0,0,0,0,0,0,0,0,1
2.925835,0,0,0,0,0,0,1,0,0,0,0,0,0,0,0,0,0,0,0,1
2.945312,0,0,0,0,0,0,1,0,0,0,0,0,0,0,0,0,0,0,0,1
2.969406,0,0,0,0,0,0,1,0,0,0,0,0,0,0,0,0,0,0,0,1
2.989475,0,0,0,0,0,0,1,0,0,0,0,0,0,0,0,0,0,0,0,1
3.009625,0,0,0,0,0,0,1,0,0,0,0,0,0,0,0,0,0,0,0,1
3.029084,0,0,0,0,0,0,1,0,0,0,0,0,0,0,0,0,0,0,0,1
3.049275,0,0,0,0,0,0,1,0,0,0,0,0,0,0,0,0,0,0,0,1
3.073502,0,0,0,0,0,0,1,0,0,0,0,0,0,0,0,0,0,0,0,1
3.110805,0,0,0,0,0,0,1,0,0,0,0,0,0,0,0,0,0,0,0,1
3.135041,0,0,0,0,0,0,1,0,0,0,0,0,0,0,0,0,0,0,0,1
3.168669,0,0,0,0,0,0,1,0,0,0,0,0,0,0,0,0,0,0,0,1
3.191448,0,0,0,0,0,0,1,0,0,0,0,0,0,0,0,0,0,0,0,1
3.213379,0,0,0,0,0,0,1,0,0,0,0,0,0,0,0,0,0,0,0,1
3.238209,0,0,0,0,0,0,1,0,0,0,0,0,0,0,0,0,0,0,0,1
3.265067,0,0,0,0,0,0,1,0,0,0,0,0,0,0,0,0,0,0,0,1
3.298345,0,0,0,0,0,0,1,0,0,0,0,0,0,0,0,0,0,0,0,1
3.342797,0,0,0,0,0,0,1,0,0,0,0,0,0,0,0,0,0,0,0,1
3.366716,0,0,0,0,0,0,1,0,0,0,0,0,0,0,0,0,0,0,0,1
3.405228,0,0,0,0,0,0,1,0,0,0,0,0,0,0,0,0,0,0,0,1
3.453065,0,0,0,0,0,0,1,0,0,0,0,0,0,0,0,0,0,0,0,1
3.47705,0,0,0,0,0,0,1,0,0,0,0,0,0,0,0,0,0,0,0,1
3.501592,0,0,0,0,0,0,1,0,0,0,0,0,0,0,0,0,0,0,0,1
3.527875,0,0,0,0,0,0,1,0,0,0,0,0,0,0,0,0,0,0,0,1
3.579868,0,0,0,0,0,0,1,0,0,0,0,0,0,0,0,0,0,0,0,1
3.622033,0,0,0,0,0,0,1,0,0,0,0,0,0,0,0,0,0,0,0,1
3.658662,0,0,0,0,0,0,1,0,0,0,0,0,0,0,0,0,0,0,0,1
3.688114,0,0,0,0,0,0,1,0,0,0,0,0,0,0,0,0,0,0,0,1
3.739458,0,0,0,0,0,0,1,0,0,0,0,0,0,0,0,0,0,0,0,1
3.767546,0,0,0,0,0,0,1,0,0,0,0,0,0,0,0,0,0,0,0,1
3.792496,0,0,0,0,0,0,1,0,0,0,0,0,0,0,0,0,0,0,0,1
3.817592,0,0,0,0,0,0,1,0,0,0,0,0,0,0,0,0,0,0,0,1
3.842108,0,0,0,0,0,0,1,0,0,0,0,0,0,0,0,0,0,0,0,1
3.897093,0,0,0,0,0,0,1,0,0,0,0,0,0,0,0,0,0,0,0,1
3.920741,0,0,0,0,0,0,1,0,0,0,0,0,0,0,0,0,0,0,0,1
3.94365,0,0,0,0,0,0,1,0,0,0,0,0,0,0,0,0,0,0,0,1
3.967185,0,0,0,0,0,0,1,0,0,0,0,0,0,0,0,0,0,0,0,1
3.988455,0,0,0,0,0,0,1,0,0,0,0,0,0,0,0,0,0,0,0,1
4.009922,0,0,0,0,0,0,1,0,0,0,0,0,0,0,0,0,0,0,0,1
4.057666,0,0,0,0,0,0,1,0,0,0,0,0,0,0,0,0,0,0,0,1
4.089707,0,0,0,0,0,0,1,0,0,0,0,0,0,0,0,0,0,0,0,1
4.11745,0,0,0,0,0,0,1,0,0,0,0,0,0,0,0,0,0,0,0,1
4.143922,0,0,0,0,0,0,1,0,0,0,0,0,0,0,0,0,0,0,0,1
4.171391,0,0,0,0,0,0,1,0,0,0,0,0,0,0,0,0,0,0,0,1
4.216687,0,0,0,0,0,0,1,0,0,0,0,0,0,0,0,0,0,0,0,1
4.241459,0,0,0,0,0,0,1,0,0,0,0,0,0,0,0,0,0,0,0,1
4.268186,0,0,0,0,0,0,1,0,0,0,0,0,0,0,0,0,0,0,0,1
4.296753,0,0,0,0,0,0,1,0,0,0,0,0,0,0,0,0,0,0,0,1
4.323924,0,0,0,0,0,0,1,0,0,0,0,0,0,0,0,0,0,0,0,1
4.366909,0,0,0,0,0,0,1,0,0,0,0,0,0,0,0,0,0,0,0,1
4.389338,0,0,0,0,0,0,1,0,0,0,0,0,0,0,0,0,0,0,0,1
4.41051,0,0,0,0,0,0,1,0,0,0,0,0,0,0,0,0,0,0,0,1
4.43076,0,0,0,0,0,0,1,0,0,0,0,0,0,0,0,0,0,0,0,1
4.449944,0,0,0,0,0,0,1,0,0,0,0,0,0,0,0,0,0,0,0,1
4.468847,0,0,0,0,0,0,1,0,0,0,0,0,0,0,0,0,0,0,0,1
4.501115,0,0,0,0,0,0,1,0,0,0,0,0,0,0,0,0,0,0,0,1
4.533872,0,0,0,0,0,0,1,0,0,0,0,0,0,0,0,0,0,0,0,1
4.550555,0,0,0,0,0,0,1,0,0,0,0,0,0,0,0,0,0,0,0,1
4.567418,0,0,0,0,0,0,1,0,0,0,0,0,0,0,0,0,0,0,0,1
4.583949,0,0,0,0,0,0,1,0,0,0,0,0,0,0,0,0,0,0,0,1
4.600287,0,0,0,0,0,0,1,0,0,0,0,0,0,0,0,0,0,0,0,1
4.616785,0,0,0,0,0,0,1,0,0,0,0,0,0,0,0,0,0,0,0,1
4.63265,0,0,0,0,0,0,1,0,0,0,0,0,0,0,0,0,0,0,0,1
4.64911,0,0,0,0,0,0,1,0,0,0,0,0,0,0,0,0,0,0,0,1
4.680074,0,0,0,0,0,0,1,0,0,0,0,0,0,0,0,0,0,0,0,1
4.700333,0,0,0,0,0,0,1,0,0,0,0,0,0,0,0,0,0,0,0,1
4.715167,0,0,0,0,0,0,1,0,0,0,0,0,0,0,0,0,0,0,0,1
4.729043,0,0,0,0,0,0,1,0,0,0,0,0,0,0,0,0,0,0,0,1
4.743424,0,0,0,0,0,0,1,0,0,0,0,0,0,0,0,0,0,0,0,1
4.757888,0,0,0,0,0,0,1,0,0,0,0,0,0,0,0,0,0,0,0,1
4.771383,0,0,0,0,0,0,1,0,0,0,0,0,0,0,0,0,0,0,0,1
4.785212,0,0,0,0,0,0,1,0,0,0,0,0,0,0,0,0,0,0,0,1
4.799313,0,0,0,0,0,0,1,0,0,0,0,0,0,0,0,0,0,0,0,1
4.822521,0,0,0,0,0,0,1,0,0,0,0,0,0,0,0,0,0,0,0,1
4.835494,0,0,0,0,0,0,1,0,0,0,0,0,0,0,0,0,0,0,0,1
4.848379,0,0,0,0,0,0,1,0,0,0,0,0,0,0,0,0,0,0,0,1
4.861068,0,0,0,0,0,0,1,0,0,0,0,0,0,0,0,0,0,0,0,1
4.873348,0,0,0,0,0,0,1,0,0,0,0,0,0,0,0,0,0,0,0,1
4.885463,0,0,0,0,0,0,1,0,0,0,0,0,0,0,0,0,0,0,0,1
4.899629,0,0,0,0,0,0,1,0,0,0,0,0,0,0,0,0,0,0,0,1
4.9115,0,0,0,0,0,0,1,0,0,0,0,0,0,0,0,0,0,0,0,1
4.923349,0,0,0,0,0,0,1,0,0,0,0,0,0,0,0,0,0,0,0,1
4.935085,0,0,0,0,0,0,1,0,0,0,0,0,0,0,0,0,0,0,0,1
4.947247,0,0,0,0,0,0,1,0,0,0,0,0,0,0,0,0,0,0,0,1
4.95914,0,0,0,0,0,0,1,0,0,0,0,0,0,0,0,0,0,0,0,1
4.980028,0,0,0,0,0,0,1,0,0,0,0,0,0,0,0,0,0,0,0,1
4.992247,0,0,0,0,0,0,1,0,0,0,0,0,0,0,0,0,0,0,0,1
5.00422,0,0,0,0,0,0,1,0,0,0,0,0,0,0,0,0,0,0,0,1
5.016475,0,0,0,0,0,0,1,0,0,0,0,0,0,0,0,0,0,0,0,1
5.028726,0,0,0,0,0,0,1,0,0,0,0,0,0,0,0,0,0,0,0,1
5.040906,0,0,0,0,0,0,1,0,0,0,0,0,0,0,0,0,0,0,0,1
5.053165,0,0,0,0,0,0,1,0,0,0,0,0,0,0,0,0,0,0,0,1
5.065192,0,0,0,0,0,0,1,0,0,0,0,0,0,0,0,0,0,0,0,1
5.083428,0,0,0,0,0,0,1,0,0,0,0,0,0,0,0,0,0,0,0,1
5.095795,0,0,0,0,0,0,1,0,0,0,0,0,0,0,0,0,0,0,0,1
5.109756,0,0,0,0,0,0,1,0,0,0,0,0,0,0,0,0,0,0,0,1
5.131078,0,0,0,0,0,0,1,0,0,0,0,0,0,0,0,0,0,0,0,1
5.143549,0,0,0,0,0,0,1,0,0,0,0,0,0,0,0,0,0,0,0,1
5.155522,0,0,0,0,0,0,1,0,0,0,0,0,0,0,0,0,0,0,0,1
5.167441,0,0,0,0,0,0,1,0,0,0,0,0,0,0,0,0,0,0,0,1
5.179423,0,0,0,0,0,0,1,0,0,0,0,0,0,0,0,0,0,0,0,1
5.191172,0,0,0,0,0,0,1,0,0,0,0,0,0,0,0,0,0,0,0,1
5.202644,0,0,0,0,0,0,1,0,0,0,0,0,0,0,0,0,0,0,0,1
5.214535,0,0,0,0,0,0,1,0,0,0,0,0,0,0,0,0,0,0,0,1
5.225975,0,0,0,0,0,0,1,0,0,0,0,0,0,0,0,0,0,0,0,1
5.237387,0,0,0,0,0,0,1,0,0,0,0,0,0,0,0,0,0,0,0,1
5.248796,0,0,0,0,0,0,1,0,0,0,0,0,0,0,0,0,0,0,0,1
5.261215,0,0,0,0,0,0,1,0,0,0,0,0,0,0,0,0,0,0,0,1
5.284525,0,0,0,0,0,0,1,0,0,0,0,0,0,0,0,0,0,0,0,1
5.299466,0,0,0,0,0,0,1,0,0,0,0,0,0,0,0,0,0,0,0,1
5.319453,0,0,0,0,0,0,1,0,0,0,0,0,0,0,0,0,0,0,0,1
5.336965,0,0,0,0,0,0,1,0,0,0,0,0,0,0,0,0,0,0,0,1
5.353946,0,0,0,0,0,0,1,0,0,0,0,0,0,0,0,0,0,0,0,1
5.36924,0,0,0,0,0,0,1,0,0,0,0,0,0,0,0,0,0,0,0,1
5.385172,0,0,0,0,0,0,1,0,0,0,0,0,0,0,0,0,0,0,0,1
5.400382,0,0,0,0,0,0,1,0,0,0,0,0,0,0,0,0,0,0,0,1
5.41512,0,0,0,0,0,0,1,0,0,0,0,0,0,0,0,0,0,0,0,1
5.440217,0,0,0,0,0,0,1,0,0,0,0,0,0,0,0,0,0,0,0,1
5.454715,0,0,0,0,0,0,1,0,0,0,0,0,0,0,0,0,0,0,0,1
5.468734,0,0,0,0,0,0,1,0,0,0,0,0,0,0,0,0,0,0,0,1
5.482593,0,0,0,0,0,0,1,0,0,0,0,0,0,0,0,0,0,0,0,1
5.496301,0,0,0,0,0,0,1,0,0,0,0,0,0,0,0,0,0,0,0,1
5.509905,0,0,0,0,0,0,1,0,0,0,0,0,0,0,0,0,0,0,0,1
5.525439,0,0,0,0,0,0,1,0,0,0,0,0,0,0,0,0,0,0,0,1
5.539327,0,0,0,0,0,0,1,0,0,0,0,0,0,0,0,0,0,0,0,1
5.552521,0,0,0,0,0,0,1,0,0,0,0,0,0,0,0,0,0,0,0,1
5.565909,0,0,0,0,0,0,1,0,0,0,0,0,0,0,0,0,0,0,0,1
5.588974,0,0,0,0,0,0,1,0,0,0,0,0,0,0,0,0,0,0,0,1
5.602303,0,0,0,0,0,0,1,0,0,0,0,0,0,0,0,0,0,0,0,1
5.6154,0,0,0,0,0,0,1,0,0,0,0,0,0,0,0,0,0,0,0,1
5.629187,0,0,0,0,0,0,1,0,0,0,0,0,0,0,0,0,0,0,0,1
5.642423,0,0,0,0,0,0,1,0,0,0,0,0,0,0,0,0,0,0,0,1
5.655407,0,0,0,0,0,0,1,0,0,0,0,0,0,0,0,0,0,0,0,1
5.675688,0,0,0,0,0,0,1,0,0,0,0,0,0,0,0,0,0,0,0,1
5.688827,0,0,0,0,0,0,1,0,0,0,0,0,0,0,0,0,0,0,0,1
5.703164,0,0,0,0,0,0,1,0,0,0,0,0,0,0,0,0,0,0,0,1
5.717416,0,0,0,0,0,0,1,0,0,0,0,0,0,0,0,0,0,0,0,1
5.744392,0,0,0,0,0,0,1,0,0,0,0,0,0,0,0,0,0,0,0,1
5.758842,0,0,0,0,0,0,1,0,0,0,0,0,0,0,0,0,0,0,0,1
5.773048,0,0,0,0,0,0,1,0,0,0,0,0,0,0,0,0,0,0,0,1
5.787128,0,0,0,0,0,0,1,0,0,0,0,0,0,0,0,0,0,0,0,1
5.80122,0,0,0,0,0,0,1,0,0,0,0,0,0,0,0,0,0,0,0,1
5.815572,0,0,0,0,0,0,1,0,0,0,0,0,0,0,0,0,0,0,0,1
5.829755,0,0,0,0,0,0,1,0,0,0,0,0,0,0,0,0,0,0,0,1
5.843233,0,0,0,0,0,0,1,0,0,0,0,0,0,0,0,0,0,0,0,1
5.856603,0,0,0,0,0,0,1,0,0,0,0,0,0,0,0,0,0,0,0,1
5.869688,0,0,0,0,0,0,1,0,0,0,0,0,0,0,0,0,0,0,0,1
5.892742,0,0,0,0,0,0,1,0,0,0,0,0,0,0,0,0,0,0,0,1
5.905861,0,0,0,0,0,0,1,0,0,0,0,0,0,0,0,0,0,0,0,1
5.918682,0,0,0,0,0,0,1,0,0,0,0,0,0,0,0,0,0,0,0,1
5.932783,0,0,0,0,0,0,1,0,0,0,0,0,0,0,0,0,0,0,0,1
5.945049,0,0,0,0,0,0,1,0,0,0,0,0,0,0,0,0,0,0,0,1
5.957478,0,0,0,0,0,0,1,0,0,0,0,0,0,0,0,0,0,0,0,1
5.969133,0,0,0,0,0,0,1,0,0,0,0,0,0,0,0,0,0,0,0,1
5.9811,0,0,0,0,0,0,1,0,0,0,0,0,0,0,0,0,0,0,0,1
5.992921,0,0,0,0,0,0,1,0,0,0,0,0,0,0,0,0,0,0,0,1
6.004616,0,0,0,0,0,0,1,0,0,0,0,0,0,0,0,0,0,0,0,1
6.016437,0,0,0,0,0,0,1,0,0,0,0,0,0,0,0,0,0,0,0,1
6.028142,0,0,0,0,0,0,1,0,0,0,0,0,0,0,0,0,0,0,0,1
6.0492,0,0,0,0,0,0,1,0,0,0,0,0,0,0,0,0,0,0,0,1
6.061112,0,0,0,0,0,0,1,0,0,0,0,0,0,0,0,0,0,0,0,1
6.073423,0,0,0,0,0,0,1,0,0,0,0,0,0,0,0,0,0,0,0,1
6.085007,0,0,0,0,0,0,1,0,0,0,0,0,0,0,0,0,0,0,0,1
6.09705,0,0,0,0,0,0,1,0,0,0,0,0,0,0,0,0,0,0,0,1
6.10888,0,0,0,0,0,0,1,0,0,0,0,0,0,0,0,0,0,0,0,1
6.1211,0,0,0,0,0,0,1,0,0,0,0,0,0,0,0,0,0,0,0,1
6.135323,0,0,0,0,0,0,1,0,0,0,0,0,0,0,0,0,0,0,0,1
6.148218,0,0,0,0,0,0,1,0,0,0,0,0,0,0,0,0,0,0,0,1
6.161514,0,0,0,0,0,0,1,0,0,0,0,0,0,0,0,0,0,0,0,1
6.174645,0,0,0,0,0,0,1,0,0,0,0,0,0,0,0,0,0,0,0,1
6.187586,0,0,0,0,0,0,1,0,0,0,0,0,0,0,0,0,0,0,0,1
6.210823,0,0,0,0,0,0,1,0,0,0,0,0,0,0,0,0,0,0,0,1
6.224607,0,0,0,0,0,0,1,0,0,0,0,0,0,0,0,0,0,0,0,1
6.237411,0,0,0,0,0,0,1,0,0,0,0,0,0,0,0,0,0,0,0,1
6.257757,0,0,0,0,0,0,1,0,0,0,0,0,0,0,0,0,0,0,0,1
6.270999,0,0,0,0,0,0,1,0,0,0,0,0,0,0,0,0,0,0,0,1
6.28323,0,0,0,0,0,0,1,0,0,0,0,0,0,0,0,0,0,0,0,1
6.295399,0,0,0,0,0,0,1,0,0,0,0,0,0,0,0,0,0,0,0,1
6.307978,0,0,0,0,0,0,1,0,0,0,0,0,0,0,0,0,0,0,0,1
6.320484,0,0,0,0,0,0,1,0,0,0,0,0,0,0,0,0,0,0,0,1
6.332847,0,0,0,0,0,0,1,0,0,0,0,0,0,0,0,0,0,0,0,1
6.346362,0,0,0,0,0,0,1,0,0,0,0,0,0,0,0,0,0,0,0,1
6.368566,0,0,0,0,0,0,1,0,0,0,0,0,0,0,0,0,0,0,0,1
6.38155,0,0,0,0,0,0,1,0,0,0,0,0,0,0,0,0,0,0,0,1
6.394846,0,0,0,0,0,0,1,0,0,0,0,0,0,0,0,0,0,0,0,1
6.407166,0,0,0,0,0,0,1,0,0,0,0,0,0,0,0,0,0,0,0,1
6.420527,0,0,0,0,0,0,1,0,0,0,0,0,0,0,0,0,0,0,0,1
6.433792,0,0,0,0,0,0,1,0,0,0,0,0,0,0,0,0,0,0,0,1
6.446688,0,0,0,0,0,0,1,0,0,0,0,0,0,0,0,0,0,0,0,1
6.459837,0,0,0,0,0,0,1,0,0,0,0,0,0,0,0,0,0,0,0,1
6.472867,0,0,0,0,0,0,1,0,0,0,0,0,0,0,0,0,0,0,0,1
6.485886,0,0,0,0,0,0,1,0,0,0,0,0,0,0,0,0,0,0,0,1
6.499695,0,0,0,0,0,0,1,0,0,0,0,0,0,0,0,0,0,0,0,1
6.523246,0,0,0,0,0,0,1,0,0,0,0,0,0,0,0,0,0,0,0,1
6.53635,0,0,0,0,0,0,1,0,0,0,0,0,0,0,0,0,0,0,0,1
6.55082,0,0,0,0,0,0,1,0,0,0,0,0,0,0,0,0,0,0,0,1
6.563939,0,0,0,0,0,0,1,0,0,0,0,0,0,0,0,0,0,0,0,1
6.576371,0,0,0,0,0,0,1,0,0,0,0,0,0,0,0,0,0,0,0,1
6.589015,0,0,0,0,0,0,1,0,0,0,0,0,0,0,0,0,0,0,0,1
6.601488,0,0,0,0,0,0,1,0,0,0,0,0,0,0,0,0,0,0,0,1
6.614002,0,0,0,0,0,0,1,0,0,0,0,0,0,0,0,0,0,0,0,1
6.626582,0,0,0,0,0,0,1,0,0,0,0,0,0,0,0,0,0,0,0,1
6.639588,0,0,0,0,0,0,1,0,0,0,0,0,0,0,0,0,0,0,0,1
6.652298,0,0,0,0,0,0,1,0,0,0,0,0,0,0,0,0,0,0,0,1
6.674615,0,0,0,0,0,0,1,0,0,0,0,0,0,0,0,0,0,0,0,1
6.687433,0,0,0,0,0,0,1,0,0,0,0,0,0,0,0,0,0,0,0,1
6.700234,0,0,0,0,0,0,1,0,0,0,0,0,0,0,0,0,0,0,0,1
6.7128,0,0,0,0,0,0,1,0,0,0,0,0,0,0,0,0,0,0,0,1
6.725111,0,0,0,0,0,0,1,0,0,0,0,0,0,0,0,0,0,0,0,1
6.738132,0,0,0,0,0,0,1,0,0,0,0,0,0,0,0,0,0,0,0,1
6.755432,0,0,0,0,0,0,1,0,0,0,0,0,0,0,0,0,0,0,0,1
6.77211,0,0,0,0,0,0,1,0,0,0,0,0,0,0,0,0,0,0,0,1
6.788763,0,0,0,0,0,0,1,0,0,0,0,0,0,0,0,0,0,0,0,1
6.805399,0,0,0,0,0,0,1,0,0,0,0,0,0,0,0,0,0,0,0,1
6.834509,0,0,0,0,0,0,1,0,0,0,0,0,0,0,0,0,0,0,0,1
6.859111,0,0,0,0,0,0,1,0,0,0,0,0,0,0,0,0,0,0,0,1
6.874472,0,0,0,0,0,0,1,0,0,0,0,0,0,0,0,0,0,0,0,1
6.889228,0,0,0,0,0,0,1,0,0,0,0,0,0,0,0,0,0,0,0,1
6.904321,0,0,0,0,0,0,1,0,0,0,0,0,0,0,0,0,0,0,0,1
6.91878,0,0,0,0,0,0,1,0,0,0,0,0,0,0,0,0,0,0,0,1
6.933715,0,0,0,0,0,0,1,0,0,0,0,0,0,0,0,0,0,0,0,1
6.94802,0,0,0,0,0,0,1,0,0,0,0,0,0,0,0,0,0,0,0,1
6.964124,0,0,0,0,0,0,1,0,0,0,0,0,0,0,0,0,0,0,0,1
6.987556,0,0,0,0,0,0,1,0,0,0,0,0,0,0,0,0,0,0,0,1
7.000949,0,0,0,0,0,0,1,0,0,0,0,0,0,0,0,0,0,0,0,1
7.014382,0,0,0,0,0,0,1,0,0,0,0,0,0,0,0,0,0,0,0,1
7.027671,0,0,0,0,0,0,1,0,0,0,0,0,0,0,0,0,0,0,0,1
7.041348,0,0,0,0,0,0,1,0,0,0,0,0,0,0,0,0,0,0,0,1
7.054702,0,0,0,0,0,0,1,0,0,0,0,0,0,0,0,0,0,0,0,1
7.068132,0,0,0,0,0,0,1,0,0,0,0,0,0,0,0,0,0,0,0,1
7.081376,0,0,0,0,0,0,1,0,0,0,0,0,0,0,0,0,0,0,0,1
7.094523,0,0,0,0,0,0,1,0,0,0,0,0,0,0,0,0,0,0,0,1
7.107468,0,0,0,0,0,0,1,0,0,0,0,0,0,0,0,0,0,0,0,1
7.122382,0,0,0,0,0,0,1,0,0,0,0,0,0,0,0,0,0,0,0,1
7.145451,0,0,0,0,0,0,1,0,0,0,0,0,0,0,0,0,0,0,0,1
7.158919,0,0,0,0,0,0,1,0,0,0,0,0,0,0,0,0,0,0,0,1
7.175183,0,0,0,0,0,0,1,0,0,0,0,0,0,0,0,0,0,0,0,1
7.190895,0,0,0,0,0,0,1,0,0,0,0,0,0,0,0,0,0,0,0,1
7.206528,0,0,0,0,0,0,1,0,0,0,0,0,0,0,0,0,0,0,0,1
7.221439,0,0,0,0,0,0,1,0,0,0,0,0,0,0,0,0,0,0,0,1
7.237137,0,0,0,0,0,0,1,0,0,0,0,0,0,0,0,0,0,0,0,1
7.252655,0,0,0,0,0,0,1,0,0,0,0,0,0,0,0,0,0,0,0,1
7.267868,0,0,0,0,0,0,1,0,0,0,0,0,0,0,0,0,0,0,0,1
7.282769,0,0,0,0,0,0,1,0,0,0,0,0,0,0,0,0,0,0,0,1
7.307973,0,0,0,0,0,0,1,0,0,0,0,0,0,0,0,0,0,0,0,1
7.322341,0,0,0,0,0,0,1,0,0,0,0,0,0,0,0,0,0,0,0,1
7.336456,0,0,0,0,0,0,1,0,0,0,0,0,0,0,0,0,0,0,0,1
7.351052,0,0,0,0,0,0,1,0,0,0,0,0,0,0,0,0,0,0,0,1
7.366427,0,0,0,0,0,0,1,0,0,0,0,0,0,0,0,0,0,0,0,1
7.382484,0,0,0,0,0,0,1,0,0,0,0,0,0,0,0,0,0,0,0,1
7.396183,0,0,0,0,0,0,1,0,0,0,0,0,0,0,0,0,0,0,0,1
7.409427,0,0,0,0,0,0,1,0,0,0,0,0,0,0,0,0,0,0,0,1
7.422937,0,0,0,0,0,0,1,0,0,0,0,0,0,0,0,0,0,0,0,1
7.436634,0,0,0,0,0,0,1,0,0,0,0,0,0,0,0,0,0,0,0,1
7.459449,0,0,0,0,0,0,1,0,0,0,0,0,0,0,0,0,0,0,0,1
7.472726,0,0,0,0,0,0,1,0,0,0,0,0,0,0,0,0,0,0,0,1
7.492533,0,0,0,0,0,0,1,0,0,0,0,0,0,0,0,0,0,0,0,1
7.506175,0,0,0,0,0,0,1,0,0,0,0,0,0,0,0,0,0,0,0,1
7.519412,0,0,0,0,0,0,1,0,0,0,0,0,0,0,0,0,0,0,0,1
7.53253,0,0,0,0,0,0,1,0,0,0,0,0,0,0,0,0,0,0,0,1
7.545734,0,0,0,0,0,0,1,0,0,0,0,0,0,0,0,0,0,0,0,1
7.559183,0,0,0,0,0,0,1,0,0,0,0,0,0,0,0,0,0,0,0,1
7.571876,0,0,0,0,0,0,1,0,0,0,0,0,0,0,0,0,0,0,0,1
7.587236,0,0,0,0,0,0,1,0,0,0,0,0,0,0,0,0,0,0,0,1
7.610219,0,0,0,0,0,0,1,0,0,0,0,0,0,0,0,0,0,0,0,1
7.62446,0,0,0,0,0,0,1,0,0,0,0,0,0,0,0,0,0,0,0,1
7.637814,0,0,0,0,0,0,1,0,0,0,0,0,0,0,0,0,0,0,0,1
7.651206,0,0,0,0,0,0,1,0,0,0,0,0,0,0,0,0,0,0,0,1
7.665917,0,0,0,0,0,0,1,0,0,0,0,0,0,0,0,0,0,0,0,1
7.679962,0,0,0,0,0,0,1,0,0,0,0,0,0,0,0,0,0,0,0,1
7.694662,0,0,0,0,0,0,1,0,0,0,0,0,0,0,0,0,0,0,0,1
7.709244,0,0,0,0,0,0,1,0,0,0,0,0,0,0,0,0,0,0,0,1
7.723912,0,0,0,0,0,0,1,0,0,0,0,0,0,0,0,0,0,0,0,1
7.738449,0,0,0,0,0,0,1,0,0,0,0,0,0,0,0,0,0,0,0,1
7.763975,0,0,0,0,0,0,1,0,0,0,0,0,0,0,0,0,0,0,0,1
7.778887,0,0,0,0,0,0,1,0,0,0,0,0,0,0,0,0,0,0,0,1
7.79492,0,0,0,0,0,0,1,0,0,0,0,0,0,0,0,0,0,0,0,1
7.809228,0,0,0,0,0,0,1,0,0,0,0,0,0,0,0,0,0,0,0,1
7.822937,0,0,0,0,0,0,1,0,0,0,0,0,0,0,0,0,0,0,0,1
7.836876,0,0,0,0,0,0,1,0,0,0,0,0,0,0,0,0,0,0,0,1
7.849862,0,0,0,0,0,0,1,0,0,0,0,0,0,0,0,0,0,0,0,1
7.863357,0,0,0,0,0,0,1,0,0,0,0,0,0,0,0,0,0,0,0,1
7.876842,0,0,0,0,0,0,1,0,0,0,0,0,0,0,0,0,0,0,0,1
7.889664,0,0,0,0,0,0,1,0,0,0,0,0,0,0,0,0,0,0,0,1
7.912165,0,0,0,0,0,0,1,0,0,0,0,0,0,0,0,0,0,0,0,1
7.925484,0,0,0,0,0,0,1,0,0,0,0,0,0,0,0,0,0,0,0,1
7.938561,0,0,0,0,0,0,1,0,0,0,0,0,0,0,0,0,0,0,0,1
7.951349,0,0,0,0,0,0,1,0,0,0,0,0,0,0,0,0,0,0,0,1
7.964695,0,0,0,0,0,0,1,0,0,0,0,0,0,0,0,0,0,0,0,1
7.977599,0,0,0,0,0,0,1,0,0,0,0,0,0,0,0,0,0,0,0,1
7.99006,0,0,0,0,0,0,1,0,0,0,0,0,0,0,0,0,0,0,0,1
8.004501,0,0,0,0,0,0,1,0,0,0,0,0,0,0,0,0,0,0,0,1
8.01731,0,0,0,0,0,0,1,0,0,0,0,0,0,0,0,0,0,0,0,1
8.029722,0,0,0,0,0,0,1,0,0,0,0,0,0,0,0,0,0,0,0,1
8.042723,0,0,0,0,0,0,1,0,0,0,0,0,0,0,0,0,0,0,0,1
8.064254,0,0,0,0,0,0,1,0,0,0,0,0,0,0,0,0,0,0,0,1
8.077087,0,0,0,0,0,0,1,0,0,0,0,0,0,0,0,0,0,0,0,1
8.090813,0,0,0,0,0,0,1,0,0,0,0,0,0,0,0,0,0,0,0,1
8.112739,0,0,0,0,0,0,1,0,0,0,0,0,0,0,0,0,0,0,0,1
8.127014,0,0,0,0,0,0,1,0,0,0,0,0,0,0,0,0,0,0,0,1
8.141928,0,0,0,0,0,0,1,0,0,0,0,0,0,0,0,0,0,0,0,1
8.156012,0,0,0,0,0,0,1,0,0,0,0,0,0,0,0,0,0,0,0,1
8.170033,0,0,0,0,0,0,1,0,0,0,0,0,0,0,0,0,0,0,0,1
8.184121,0,0,0,0,0,0,1,0,0,0,0,0,0,0,0,0,0,0,0,1
8.198294,0,0,0,0,0,0,1,0,0,0,0,0,0,0,0,0,0,0,0,1
8.225028,0,0,0,0,0,0,1,0,0,0,0,0,0,0,0,0,0,0,0,1
8.239907,0,0,0,0,0,0,1,0,0,0,0,0,0,0,0,0,0,0,0,1
8.253786,0,0,0,0,0,0,1,0,0,0,0,0,0,0,0,0,0,0,0,1
8.267821,0,0,0,0,0,0,1,0,0,0,0,0,0,0,0,0,0,0,0,1
8.281458,0,0,0,0,0,0,1,0,0,0,0,0,0,0,0,0,0,0,0,1
8.295918,0,0,0,0,0,0,1,0,0,0,0,0,0,0,0,0,0,0,0,1
8.309658,0,0,0,0,0,0,1,0,0,0,0,0,0,0,0,0,0,0,0,1
8.323011,0,0,0,0,0,0,1,0,0,0,0,0,0,0,0,0,0,0,0,1
8.336316,0,0,0,0,0,0,1,0,0,0,0,0,0,0,0,0,0,0,0,1
8.349392,0,0,0,0,0,0,1,0,0,0,0,0,0,0,0,0,0,0,0,1
8.37291,0,0,0,0,0,0,1,0,0,0,0,0,0,0,0,0,0,0,0,1
8.386206,0,0,0,0,0,0,1,0,0,0,0,0,0,0,0,0,0,0,0,1
8.399501,0,0,0,0,0,0,1,0,0,0,0,0,0,0,0,0,0,0,0,1
8.413941,0,0,0,0,0,0,1,0,0,0,0,0,0,0,0,0,0,0,0,1
8.42684,0,0,0,0,0,0,1,0,0,0,0,0,0,0,0,0,0,0,0,1
8.439333,0,0,0,0,0,0,1,0,0,0,0,0,0,0,0,0,0,0,0,1
8.451968,0,0,0,0,0,0,1,0,0,0,0,0,0,0,0,0,0,0,0,1
8.464655,0,0,0,0,0,0,1,0,0,0,0,0,0,0,0,0,0,0,0,1
8.477083,0,0,0,0,0,0,1,0,0,0,0,0,0,0,0,0,0,0,0,1
8.48911,0,0,0,0,0,0,1,0,0,0,0,0,0,0,0,0,0,0,0,1
8.501435,0,0,0,0,0,0,1,0,0,0,0,0,0,0,0,0,0,0,0,1
8.522642,0,0,0,0,0,0,1,0,0,0,0,0,0,0,0,0,0,0,0,1
8.53501,0,0,0,0,0,0,1,0,0,0,0,0,0,0,0,0,0,0,0,1
8.547172,0,0,0,0,0,0,1,0,0,0,0,0,0,0,0,0,0,0,0,1
8.559628,0,0,0,0,0,0,1,0,0,0,0,0,0,0,0,0,0,0,0,1
8.571565,0,0,0,0,0,0,1,0,0,0,0,0,0,0,0,0,0,0,0,1
8.585121,0,0,0,0,0,0,1,0,0,0,0,0,0,0,0,0,0,0,0,1
8.597791,0,0,0,0,0,0,1,0,0,0,0,0,0,0,0,0,0,0,0,1
8.610021,0,0,0,0,0,0,1,0,0,0,0,0,0,0,0,0,0,0,0,1
8.624055,0,0,0,0,0,0,1,0,0,0,0,0,0,0,0,0,0,0,0,1
8.636441,0,0,0,0,0,0,1,0,0,0,0,0,0,0,0,0,0,0,0,1
8.648601,0,0,0,0,0,0,1,0,0,0,0,0,0,0,0,0,0,0,0,1
8.660979,0,0,0,0,0,0,1,0,0,0,0,0,0,0,0,0,0,0,0,1
8.686258,0,0,0,0,0,0,1,0,0,0,0,0,0,0,0,0,0,0,0,1
8.710618,0,0,0,0,0,0,1,0,0,0,0,0,0,0,0,0,0,0,0,1
8.72477,0,0,0,0,0,0,1,0,0,0,0,0,0,0,0,0,0,0,0,1
8.738467,0,0,0,0,0,0,1,0,0,0,0,0,0,0,0,0,0,0,0,1
8.751606,0,0,0,0,0,0,1,0,0,0,0,0,0,0,0,0,0,0,0,1
8.764375,0,0,0,0,0,0,1,0,0,0,0,0,0,0,0,0,0,0,0,1
8.777034,0,0,0,0,0,0,1,0,0,0,0,0,0,0,0,0,0,0,0,1
8.78993,0,0,0,0,0,0,1,0,0,0,0,0,0,0,0,0,0,0,0,1
8.802321,0,0,0,0,0,0,1,0,0,0,0,0,0,0,0,0,0,0,0,1
8.815111,0,0,0,0,0,0,1,0,0,0,0,0,0,0,0,0,0,0,0,1
8.838413,0,0,0,0,0,0,1,0,0,0,0,0,0,0,0,0,0,0,0,1
8.850715,0,0,0,0,0,0,1,0,0,0,0,0,0,0,0,0,0,0,0,1
8.863099,0,0,0,0,0,0,1,0,0,0,0,0,0,0,0,0,0,0,0,1
8.875272,0,0,0,0,0,0,1,0,0,0,0,0,0,0,0,0,0,0,0,1
8.886786,0,0,0,0,0,0,1,0,0,0,0,0,0,0,0,0,0,0,0,1
8.898537,0,0,0,0,0,0,1,0,0,0,0,0,0,0,0,0,0,0,0,1
8.909996,0,0,0,0,0,0,1,0,0,0,0,0,0,0,0,0,0,0,0,1
8.922412,0,0,0,0,0,0,1,0,0,0,0,0,0,0,0,0,0,0,0,1
8.934406,0,0,0,0,0,0,1,0,0,0,0,0,0,0,0,0,0,0,0,1
8.946167,0,0,0,0,0,0,1,0,0,0,0,0,0,0,0,0,0,0,0,1
8.958289,0,0,0,0,0,0,1,0,0,0,0,0,0,0,0,0,0,0,0,1
8.969964,0,0,0,0,0,0,1,0,0,0,0,0,0,0,0,0,0,0,0,1
8.991026,0,0,0,0,0,0,1,0,0,0,0,0,0,0,0,0,0,0,0,1
9.002889,0,0,0,0,0,0,1,0,0,0,0,0,0,0,0,0,0,0,0,1
9.01463,0,0,0,0,0,0,1,0,0,0,0,0,0,0,0,0,0,0,0,1
9.02584,0,0,0,0,0,0,1,0,0,0,0,0,0,0,0,0,0,0,0,1
9.039541,0,0,0,0,0,0,1,0,0,0,0,0,0,0,0,0,0,0,0,1
9.051583,0,0,0,0,0,0,1,0,0,0,0,0,0,0,0,0,0,0,0,1
9.06347,0,0,0,0,0,0,1,0,0,0,0,0,0,0,0,0,0,0,0,1
9.075343,0,0,0,0,0,0,1,0,0,0,0,0,0,0,0,0,0,0,0,1
9.086869,0,0,0,0,0,0,1,0,0,0,0,0,0,0,0,0,0,0,0,1
9.098392,0,0,0,0,0,0,1,0,0,0,0,0,0,0,0,0,0,0,0,1
9.10958,0,0,0,0,0,0,1,0,0,0,0,0,0,0,0,0,0,0,0,1
9.121181,0,0,0,0,0,0,1,0,0,0,0,0,0,0,0,0,0,0,0,1
9.141299,0,0,0,0,0,0,1,0,0,0,0,0,0,0,0,0,0,0,0,1
9.153425,0,0,0,0,0,0,1,0,0,0,0,0,0,0,0,0,0,0,0,1
9.16554,0,0,0,0,0,0,1,0,0,0,0,0,0,0,0,0,0,0,0,1
9.177586,0,0,0,0,0,0,1,0,0,0,0,0,0,0,0,0,0,0,0,1
9.189604,0,0,0,0,0,0,1,0,0,0,0,0,0,0,0,0,0,0,0,1
9.20171,0,0,0,0,0,0,1,0,0,0,0,0,0,0,0,0,0,0,0,1
9.213733,0,0,0,0,0,0,1,0,0,0,0,0,0,0,0,0,0,0,0,1
9.22567,0,0,0,0,0,0,1,0,0,0,0,0,0,0,0,0,0,0,0,1
9.237925,0,0,0,0,0,0,1,0,0,0,0,0,0,0,0,0,0,0,0,1
9.251346,0,0,0,0,0,0,1,0,0,0,0,0,0,0,0,0,0,0,0,1
9.270342,0,0,0,0,0,0,1,0,0,0,0,0,0,0,0,0,0,0,0,1
9.291652,0,0,0,0,0,0,1,0,0,0,0,0,0,0,0,0,0,0,0,1
9.313626,0,0,0,0,0,0,1,0,0,0,0,0,0,0,0,0,0,0,0,1
9.325322,0,0,0,0,0,0,1,0,0,0,0,0,0,0,0,0,0,0,0,1
9.337287,0,0,0,0,0,0,1,0,0,0,0,0,0,0,0,0,0,0,0,1
9.348733,0,0,0,0,0,0,1,0,0,0,0,0,0,0,0,0,0,0,0,1
9.360526,0,0,0,0,0,0,1,0,0,0,0,0,0,0,0,0,0,0,0,1
9.372391,0,0,0,0,0,0,1,0,0,0,0,0,0,0,0,0,0,0,0,1
9.384887,0,0,0,0,0,0,1,0,0,0,0,0,0,0,0,0,0,0,0,1
9.397359,0,0,0,0,0,0,1,0,0,0,0,0,0,0,0,0,0,0,0,1
9.409575,0,0,0,0,0,0,1,0,0,0,0,0,0,0,0,0,0,0,0,1
9.421546,0,0,0,0,0,0,1,0,0,0,0,0,0,0,0,0,0,0,0,1
9.43346,0,0,0,0,0,0,1,0,0,0,0,0,0,0,0,0,0,0,0,1
9.444851,0,0,0,0,0,0,1,0,0,0,0,0,0,0,0,0,0,0,0,1
9.467299,0,0,0,0,0,0,1,0,0,0,0,0,0,0,0,0,0,0,0,1
9.479045,0,0,0,0,0,0,1,0,0,0,0,0,0,0,0,0,0,0,0,1
9.490401,0,0,0,0,0,0,1,0,0,0,0,0,0,0,0,0,0,0,0,1
9.501855,0,0,0,0,0,0,1,0,0,0,0,0,0,0,0,0,0,0,0,1
9.513227,0,0,0,0,0,0,1,0,0,0,0,0,0,0,0,0,0,0,0,1
9.524251,0,0,0,0,0,0,1,0,0,0,0,0,0,0,0,0,0,0,0,1
9.535631,0,0,0,0,0,0,1,0,0,0,0,0,0,0,0,0,0,0,0,1
9.546701,0,0,0,0,0,0,1,0,0,0,0,0,0,0,0,0,0,0,0,1
9.558146,0,0,0,0,0,0,1,0,0,0,0,0,0,0,0,0,0,0,0,1
9.569538,0,0,0,0,0,0,1,0,0,0,0,0,0,0,0,0,0,0,0,1
9.58187,0,0,0,0,0,0,1,0,0,0,0,0,0,0,0,0,0,0,0,1
9.594072,0,0,0,0,0,0,1,0,0,0,0,0,0,0,0,0,0,0,0,1
9.606143,0,0,0,0,0,0,1,0,0,0,0,0,0,0,0,0,0,0,0,1
9.627357,0,0,0,0,0,0,1,0,0,0,0,0,0,0,0,0,0,0,0,1
9.639301,0,0,0,0,0,0,1,0,0,0,0,0,0,0,0,0,0,0,0,1
9.650972,0,0,0,0,0,0,1,0,0,0,0,0,0,0,0,0,0,0,0,1
9.665934,0,0,0,0,0,0,1,0,0,0,0,0,0,0,0,0,0,0,0,1
9.678991,0,0,0,0,0,0,1,0,0,0,0,0,0,0,0,0,0,0,0,1
9.691991,0,0,0,0,0,0,1,0,0,0,0,0,0,0,0,0,0,0,0,1
9.704936,0,0,0,0,0,0,1,0,0,0,0,0,0,0,0,0,0,0,0,1
9.717889,0,0,0,0,0,0,1,0,0,0,0,0,0,0,0,0,0,0,0,1
9.730913,0,0,0,0,0,0,1,0,0,0,0,0,0,0,0,0,0,0,0,1
9.744024,0,0,0,0,0,0,1,0,0,0,0,0,0,0,0,0,0,0,0,1
9.76287,0,0,0,0,0,0,1,0,0,0,0,0,0,0,0,0,0,0,0,1
9.796906,0,0,0,0,0,0,1,0,0,0,0,0,0,0,0,0,0,0,0,1
9.811693,0,0,0,0,0,0,1,0,0,0,0,0,0,0,0,0,0,0,0,1
9.825405,0,0,0,0,0,0,1,0,0,0,0,0,0,0,0,0,0,0,0,1
9.838823,0,0,0,0,0,0,1,0,0,0,0,0,0,0,0,0,0,0,0,1
9.85161,0,0,0,0,0,0,1,0,0,0,0,0,0,0,0,0,0,0,0,1
9.873195,0,0,0,0,0,0,1,0,0,0,0,0,0,0,0,0,0,0,0,1
9.885691,0,0,0,0,0,0,1,0,0,0,0,0,0,0,0,0,0,0,0,1
9.897671,0,0,0,0,0,0,1,0,0,0,0,0,0,0,0,0,0,0,0,1
9.909459,0,0,0,0,0,0,1,0,0,0,0,0,0,0,0,0,0,0,0,1
9.922427,0,0,0,0,0,0,1,0,0,0,0,0,0,0,0,0,0,0,0,1
9.949404,0,0,0,0,0,0,1,0,0,0,0,0,0,0,0,0,0,0,0,1
9.963728,0,0,0,0,0,0,1,0,0,0,0,0,0,0,0,0,0,0,0,1
9.976663,0,0,0,0,0,0,1,0,0,0,0,0,0,0,0,0,0,0,0,1
9.989166,0,0,0,0,0,0,1,0,0,0,0,0,0,0,0,0,0,0,0,1
10.00267,0,0,0,0,0,0,1,0,0,0,0,0,0,0,0,0,0,0,0,1
10.01645,0,0,0,0,0,0,1,0,0,0,0,0,0,0,0,0,0,0,0,1
10.03103,0,0,0,0,0,0,1,0,0,0,0,0,0,0,0,0,0,0,0,1
10.04642,0,0,0,0,0,0,1,0,0,0,0,0,0,0,0,0,0,0,0,1
10.06212,0,0,0,0,0,0,1,0,0,0,0,0,0,0,0,0,0,0,0,1
10.0799,0,0,0,0,0,0,1,0,0,0,0,0,0,0,0,0,0,0,0,1
10.10508,0,0,0,0,0,0,1,0,0,0,0,0,0,0,0,0,0,0,0,1
10.11987,0,0,0,0,0,0,1,0,0,0,0,0,0,0,0,0,0,0,0,1
10.13417,0,0,0,0,0,0,1,0,0,0,0,0,0,0,0,0,0,0,0,1
10.14839,0,0,0,0,0,0,1,0,0,0,0,0,0,0,0,0,0,0,0,1
10.16258,0,0,0,0,0,0,1,0,0,0,0,0,0,0,0,0,0,0,0,1
10.17605,0,0,0,0,0,0,1,0,0,0,0,0,0,0,0,0,0,0,0,1
10.18922,0,0,0,0,0,0,1,0,0,0,0,0,0,0,0,0,0,0,0,1
10.20272,0,0,0,0,0,0,1,0,0,0,0,0,0,0,0,0,0,0,0,1
10.21618,0,0,0,0,0,0,1,0,0,0,0,0,0,0,0,0,0,0,0,1
10.22943,0,0,0,0,0,0,1,0,0,0,0,0,0,0,0,0,0,0,0,1
10.2438,0,0,0,0,0,0,1,0,0,0,0,0,0,0,0,0,0,0,0,1
10.26901,0,0,0,0,0,0,1,0,0,0,0,0,0,0,0,0,0,0,0,1
10.28518,0,0,0,0,0,0,1,0,0,0,0,0,0,0,0,0,0,0,0,1
10.29886,0,0,0,0,0,0,1,0,0,0,0,0,0,0,0,0,0,0,0,1
10.31229,0,0,0,0,0,0,1,0,0,0,0,0,0,0,0,0,0,0,0,1
10.32662,0,0,0,0,0,0,1,0,0,0,0,0,0,0,0,0,0,0,0,1
10.34045,0,0,0,0,0,0,1,0,0,0,0,0,0,0,0,0,0,0,0,1
10.3536,0,0,0,0,0,0,1,0,0,0,0,0,0,0,0,0,0,0,0,1
10.36656,0,0,0,0,0,0,1,0,0,0,0,0,0,0,0,0,0,0,0,1
10.37982,0,0,0,0,0,0,1,0,0,0,0,0,0,0,0,0,0,0,0,1
10.3945,0,0,0,0,0,0,1,0,0,0,0,0,0,0,0,0,0,0,0,1
10.41771,0,0,0,0,0,0,1,0,0,0,0,0,0,0,0,0,0,0,0,1
10.43157,0,0,0,0,0,0,1,0,0,0,0,0,0,0,0,0,0,0,0,1
10.44549,0,0,0,0,0,0,1,0,0,0,0,0,0,0,0,0,0,0,0,1
10.45922,0,0,0,0,0,0,1,0,0,0,0,0,0,0,0,0,0,0,0,1
10.4726,0,0,0,0,0,0,1,0,0,0,0,0,0,0,0,0,0,0,0,1
10.4882,0,0,0,0,0,0,1,0,0,0,0,0,0,0,0,0,0,0,0,1
10.50178,0,0,0,0,0,0,1,0,0,0,0,0,0,0,0,0,0,0,0,1
10.52272,0,0,0,0,0,0,1,0,0,0,0,0,0,0,0,0,0,0,0,1
10.53638,0,0,0,0,0,0,1,0,0,0,0,0,0,0,0,0,0,0,0,1
10.54976,0,0,0,0,0,0,1,0,0,0,0,0,0,0,0,0,0,0,0,1
10.57257,0,0,0,0,0,0,1,0,0,0,0,0,0,0,0,0,0,0,0,1
10.5865,0,0,0,0,0,0,1,0,0,0,0,0,0,0,0,0,0,0,0,1
10.59963,0,0,0,0,0,0,1,0,0,0,0,0,0,0,0,0,0,0,0,1
10.6122,0,0,0,0,0,0,1,0,0,0,0,0,0,0,0,0,0,0,0,1
10.6249,0,0,0,0,0,0,1,0,0,0,0,0,0,0,0,0,0,0,0,1
10.63863,0,0,0,0,0,0,1,0,0,0,0,0,0,0,0,0,0,0,0,1
10.65175,0,0,0,0,0,0,1,0,0,0,0,0,0,0,0,0,0,0,0,1
10.66517,0,0,0,0,0,0,1,0,0,0,0,0,0,0,0,0,0,0,0,1
10.6788,0,0,0,0,0,0,1,0,0,0,0,0,0,0,0,0,0,0,0,1
10.69443,0,0,0,0,0,0,1,0,0,0,0,0,0,0,0,0,0,0,0,1
10.70862,0,0,0,0,0,0,1,0,0,0,0,0,0,0,0,0,0,0,0,1
10.73305,0,0,0,0,0,0,1,0,0,0,0,0,0,0,0,0,0,0,0,1
10.74774,0,0,0,0,0,0,1,0,0,0,0,0,0,0,0,0,0,0,0,1
10.76218,0,0,0,0,0,0,1,0,0,0,0,0,0,0,0,0,0,0,0,1
10.77654,0,0,0,0,0,0,1,0,0,0,0,0,0,0,0,0,0,0,0,1
10.79079,0,0,0,0,0,0,1,0,0,0,0,0,0,0,0,0,0,0,0,1
10.84563,0,0,0,0,0,0,1,0,0,0,0,0,0,0,0,0,0,0,0,1
10.86063,0,0,0,0,0,0,1,0,0,0,0,0,0,0,0,0,0,0,0,1
10.8844,0,0,0,0,0,0,1,0,0,0,0,0,0,0,0,0,0,0,0,1
10.89997,0,0,0,0,0,0,1,0,0,0,0,0,0,0,0,0,0,0,0,1
10.91325,0,0,0,0,0,0,1,0,0,0,0,0,0,0,0,0,0,0,0,1
10.9267,0,0,0,0,0,0,1,0,0,0,0,0,0,0,0,0,0,0,0,1
10.94044,0,0,0,0,0,0,1,0,0,0,0,0,0,0,0,0,0,0,0,1
10.9532,0,0,0,0,0,0,1,0,0,0,0,0,0,0,0,0,0,0,0,1
10.96592,0,0,0,0,0,0,1,0,0,0,0,0,0,0,0,0,0,0,0,1
10.97929,0,0,0,0,0,0,1,0,0,0,0,0,0,0,0,0,0,0,0,1
10.99231,0,0,0,0,0,0,1,0,0,0,0,0,0,0,0,0,0,0,0,1
11.00588,0,0,0,0,0,0,1,0,0,0,0,0,0,0,0,0,0,0,0,1
11.01933,0,0,0,0,0,0,1,0,0,0,0,0,0,0,0,0,0,0,0,1
11.04151,0,0,0,0,0,0,1,0,0,0,0,0,0,0,0,0,0,0,0,1
11.05511,0,0,0,0,0,0,1,0,0,0,0,0,0,0,0,0,0,0,0,1
11.06841,0,0,0,0,0,0,1,0,0,0,0,0,0,0,0,0,0,0,0,1
11.08187,0,0,0,0,0,0,1,0,0,0,0,0,0,0,0,0,0,0,0,1
11.09511,0,0,0,0,0,0,1,0,0,0,0,0,0,0,0,0,0,0,0,1
11.10928,0,0,0,0,0,0,1,0,0,0,0,0,0,0,0,0,0,0,0,1
11.12197,0,0,0,0,0,0,1,0,0,0,0,0,0,0,0,0,0,0,0,1
11.1351,0,0,0,0,0,0,1,0,0,0,0,0,0,0,0,0,0,0,0,1
11.14823,0,0,0,0,0,0,1,0,0,0,0,0,0,0,0,0,0,0,0,1
11.1622,0,0,0,0,0,0,1,0,0,0,0,0,0,0,0,0,0,0,0,1
11.17691,0,0,0,0,0,0,1,0,0,0,0,0,0,0,0,0,0,0,0,1
11.20949,0,0,0,0,0,0,1,0,0,0,0,0,0,0,0,0,0,0,0,1
11.23078,0,0,0,0,0,0,1,0,0,0,0,0,0,0,0,0,0,0,0,1
11.25011,0,0,0,0,0,0,1,0,0,0,0,0,0,0,0,0,0,0,0,1
11.2696,0,0,0,0,0,0,1,0,0,0,0,0,0,0,0,0,0,0,0,1
11.28421,0,0,0,0,0,0,1,0,0,0,0,0,0,0,0,0,0,0,0,1
11.29849,0,0,0,0,0,0,1,0,0,0,0,0,0,0,0,0,0,0,0,1
11.31364,0,0,0,0,0,0,1,0,0,0,0,0,0,0,0,0,0,0,0,1
11.32748,0,0,0,0,0,0,1,0,0,0,0,0,0,0,0,0,0,0,0,1
11.35072,0,0,0,0,0,0,1,0,0,0,0,0,0,0,0,0,0,0,0,1
11.36473,0,0,0,0,0,0,1,0,0,0,0,0,0,0,0,0,0,0,0,1
11.37912,0,0,0,0,0,0,1,0,0,0,0,0,0,0,0,0,0,0,0,1
11.39491,0,0,0,0,0,0,1,0,0,0,0,0,0,0,0,0,0,0,0,1
11.40997,0,0,0,0,0,0,1,0,0,0,0,0,0,0,0,0,0,0,0,1
11.42536,0,0,0,0,0,0,1,0,0,0,0,0,0,0,0,0,0,0,0,1
11.44024,0,0,0,0,0,0,1,0,0,0,0,0,0,0,0,0,0,0,0,1
11.45513,0,0,0,0,0,0,1,0,0,0,0,0,0,0,0,0,0,0,0,1
11.46977,0,0,0,0,0,0,1,0,0,0,0,0,0,0,0,0,0,0,0,1
11.48497,0,0,0,0,0,0,1,0,0,0,0,0,0,0,0,0,0,0,0,1
11.51,0,0,0,0,0,0,1,0,0,0,0,0,0,0,0,0,0,0,0,1
11.52678,0,0,0,0,0,0,1,0,0,0,0,0,0,0,0,0,0,0,0,1
11.54117,0,0,0,0,0,0,1,0,0,0,0,0,0,0,0,0,0,0,0,1
11.55588,0,0,0,0,0,0,1,0,0,0,0,0,0,0,0,0,0,0,0,1
11.56978,0,0,0,0,0,0,1,0,0,0,0,0,0,0,0,0,0,0,0,1
11.58379,0,0,0,0,0,0,1,0,0,0,0,0,0,0,0,0,0,0,0,1
11.59784,0,0,0,0,0,0,1,0,0,0,0,0,0,0,0,0,0,0,0,1
11.612,0,0,0,0,0,0,1,0,0,0,0,0,0,0,0,0,0,0,0,1
11.62623,0,0,0,0,0,0,1,0,0,0,0,0,0,0,0,0,0,0,0,1
11.64061,0,0,0,0,0,0,1,0,0,0,0,0,0,0,0,0,0,0,0,1
11.66509,0,0,0,0,0,0,1,0,0,0,0,0,0,0,0,0,0,0,0,1
11.67935,0,0,0,0,0,0,1,0,0,0,0,0,0,0,0,0,0,0,0,1
11.69296,0,0,0,0,0,0,1,0,0,0,0,0,0,0,0,0,0,0,0,1
11.70661,0,0,0,0,0,0,1,0,0,0,0,0,0,0,0,0,0,0,0,1
11.7214,0,0,0,0,0,0,1,0,0,0,0,0,0,0,0,0,0,0,0,1
11.73742,0,0,0,0,0,0,1,0,0,0,0,0,0,0,0,0,0,0,0,1
11.75161,0,0,0,0,0,0,1,0,0,0,0,0,0,0,0,0,0,0,0,1
11.76598,0,0,0,0,0,0,1,0,0,0,0,0,0,0,0,0,0,0,0,1
11.78031,0,0,0,0,0,0,1,0,0,0,0,0,0,0,0,0,0,0,0,1
11.79391,0,0,0,0,0,0,1,0,0,0,0,0,0,0,0,0,0,0,0,1
11.8169,0,0,0,0,0,0,1,0,0,0,0,0,0,0,0,0,0,0,0,1
11.83044,0,0,0,0,0,0,1,0,0,0,0,0,0,0,0,0,0,0,0,1
11.85125,0,0,0,0,0,0,1,0,0,0,0,0,0,0,0,0,0,0,0,1
11.86504,0,0,0,0,0,0,1,0,0,0,0,0,0,0,0,0,0,0,0,1
11.87866,0,0,0,0,0,0,1,0,0,0,0,0,0,0,0,0,0,0,0,1
11.89171,0,0,0,0,0,0,1,0,0,0,0,0,0,0,0,0,0,0,0,1
11.90514,0,0,0,0,0,0,1,0,0,0,0,0,0,0,0,0,0,0,0,1
11.91835,0,0,0,0,0,0,1,0,0,0,0,0,0,0,0,0,0,0,0,1
11.9316,0,0,0,0,0,0,1,0,0,0,0,0,0,0,0,0,0,0,0,1
11.94656,0,0,0,0,0,0,1,0,0,0,0,0,0,0,0,0,0,0,0,1
11.96917,0,0,0,0,0,0,1,0,0,0,0,0,0,0,0,0,0,0,0,1
11.98277,0,0,0,0,0,0,1,0,0,0,0,0,0,0,0,0,0,0,0,1
11.99612,0,0,0,0,0,0,1,0,0,0,0,0,0,0,0,0,0,0,0,1
12.00932,0,0,0,0,0,0,1,0,0,0,0,0,0,0,0,0,0,0,0,1
12.02298,0,0,0,0,0,0,1,0,0,0,0,0,0,0,0,0,0,0,0,1
12.03642,0,0,0,0,0,0,1,0,0,0,0,0,0,0,0,0,0,0,0,1
12.04944,0,0,0,0,0,0,1,0,0,0,0,0,0,0,0,0,0,0,0,1
12.06314,0,0,0,0,0,0,1,0,0,0,0,0,0,0,0,0,0,0,0,1
12.07656,0,0,0,0,0,0,1,0,0,0,0,0,0,0,0,0,0,0,0,1
12.08979,0,0,0,0,0,0,1,0,0,0,0,0,0,0,0,0,0,0,0,1
12.10361,0,0,0,0,0,0,1,0,0,0,0,0,0,0,0,0,0,0,0,1
12.12649,0,0,0,0,0,0,1,0,0,0,0,0,0,0,0,0,0,0,0,1
12.14061,0,0,0,0,0,0,1,0,0,0,0,0,0,0,0,0,0,0,0,1
12.15672,0,0,0,0,0,0,1,0,0,0,0,0,0,0,0,0,0,0,0,1
12.17057,0,0,0,0,0,0,1,0,0,0,0,0,0,0,0,0,0,0,0,1
12.18486,0,0,0,0,0,0,1,0,0,0,0,0,0,0,0,0,0,0,0,1
12.19868,0,0,0,0,0,0,1,0,0,0,0,0,0,0,0,0,0,0,0,1
12.21238,0,0,0,0,0,0,1,0,0,0,0,0,0,0,0,0,0,0,0,1
12.22636,0,0,0,0,0,0,1,0,0,0,0,0,0,0,0,0,0,0,0,1
12.24048,0,0,0,0,0,0,1,0,0,0,0,0,0,0,0,0,0,0,0,1
12.25459,0,0,0,0,0,0,1,0,0,0,0,0,0,0,0,0,0,0,0,1
12.27807,0,0,0,0,0,0,1,0,0,0,0,0,0,0,0,0,0,0,0,1
12.29239,0,0,0,0,0,0,1,0,0,0,0,0,0,0,0,0,0,0,0,1
12.30627,0,0,0,0,0,0,1,0,0,0,0,0,0,0,0,0,0,0,0,1
12.31998,0,0,0,0,0,0,1,0,0,0,0,0,0,0,0,0,0,0,0,1
12.33367,0,0,0,0,0,0,1,0,0,0,0,0,0,0,0,0,0,0,0,1
12.3475,0,0,0,0,0,0,1,0,0,0,0,0,0,0,0,0,0,0,0,1
12.36371,0,0,0,0,0,0,1,0,0,0,0,0,0,0,0,0,0,0,0,1
12.37795,0,0,0,0,0,0,1,0,0,0,0,0,0,0,0,0,0,0,0,1
12.39169,0,0,0,0,0,0,1,0,0,0,0,0,0,0,0,0,0,0,0,1
12.41427,0,0,0,0,0,0,1,0,0,0,0,0,0,0,0,0,0,0,0,1
12.43001,0,0,0,0,0,0,1,0,0,0,0,0,0,0,0,0,0,0,0,1
12.44393,0,0,0,0,0,0,1,0,0,0,0,0,0,0,0,0,0,0,0,1
12.45844,0,0,0,0,0,0,1,0,0,0,0,0,0,0,0,0,0,0,0,1
12.47246,0,0,0,0,0,0,1,0,0,0,0,0,0,0,0,0,0,0,0,1
12.48674,0,0,0,0,0,0,1,0,0,0,0,0,0,0,0,0,0,0,0,1
12.50044,0,0,0,0,0,0,1,0,0,0,0,0,0,0,0,0,0,0,0,1
12.5139,0,0,0,0,0,0,1,0,0,0,0,0,0,0,0,0,0,0,0,1
12.52753,0,0,0,0,0,0,1,0,0,0,0,0,0,0,0,0,0,0,0,1
12.54134,0,0,0,0,0,0,1,0,0,0,0,0,0,0,0,0,0,0,0,1
12.55483,0,0,0,0,0,0,1,0,0,0,0,0,0,0,0,0,0,0,0,1
12.56954,0,0,0,0,0,0,1,0,0,0,0,0,0,0,0,0,0,0,0,1
12.58352,0,0,0,0,0,0,1,0,0,0,0,0,0,0,0,0,0,0,0,1
12.59929,0,0,0,0,0,0,1,0,0,0,0,0,0,0,0,0,0,0,0,1
12.62234,0,0,0,0,0,0,1,0,0,0,0,0,0,0,0,0,0,0,0,1
12.63642,0,0,0,0,0,0,1,0,0,0,0,0,0,0,0,0,0,0,0,1
12.65006,0,0,0,0,0,0,1,0,0,0,0,0,0,0,0,0,0,0,0,1
12.66445,0,0,0,0,0,0,1,0,0,0,0,0,0,0,0,0,0,0,0,1
12.68245,0,0,0,0,0,0,1,0,0,0,0,0,0,0,0,0,0,0,0,1
12.69739,0,0,0,0,0,0,1,0,0,0,0,0,0,0,0,0,0,0,0,1
12.71104,0,0,0,0,0,0,1,0,0,0,0,0,0,0,0,0,0,0,0,1
12.72473,0,0,0,0,0,0,1,0,0,0,0,0,0,0,0,0,0,0,0,1
12.73861,0,0,0,0,0,0,1,0,0,0,0,0,0,0,0,0,0,0,0,1
12.7524,0,0,0,0,0,0,1,0,0,0,0,0,0,0,0,0,0,0,0,1
12.76676,0,0,0,0,0,0,1,0,0,0,0,0,0,0,0,0,0,0,0,1
12.78449,0,0,0,0,0,0,1,0,0,0,0,0,0,0,0,0,0,0,0,1
12.79926,0,0,0,0,0,0,1,0,0,0,0,0,0,0,0,0,0,0,0,1
12.81413,0,0,0,0,0,0,1,0,0,0,0,0,0,0,0,0,0,0,0,1
12.82872,0,0,0,0,0,0,1,0,0,0,0,0,0,0,0,0,0,0,0,1
12.84337,0,0,0,0,0,0,1,0,0,0,0,0,0,0,0,0,0,0,0,1
12.85914,0,0,0,0,0,0,1,0,0,0,0,0,0,0,0,0,0,0,0,1
12.87358,0,0,0,0,0,0,1,0,0,0,0,0,0,0,0,0,0,0,0,1
12.88725,0,0,0,0,0,0,1,0,0,0,0,0,0,0,0,0,0,0,0,1
12.9005,0,0,0,0,0,0,1,0,0,0,0,0,0,0,0,0,0,0,0,1
12.91401,0,0,0,0,0,0,1,0,0,0,0,0,0,0,0,0,0,0,0,1
12.92701,0,0,0,0,0,0,1,0,0,0,0,0,0,0,0,0,0,0,0,1
12.9453,0,0,0,0,0,0,1,0,0,0,0,0,0,0,0,0,0,0,0,1
12.96789,0,0,0,0,0,0,1,0,0,0,0,0,0,0,0,0,0,0,0,1
12.98201,0,0,0,0,0,0,1,0,0,0,0,0,0,0,0,0,0,0,0,1
12.99666,0,0,0,0,0,0,1,0,0,0,0,0,0,0,0,0,0,0,0,1
13.00944,0,0,0,0,0,0,1,0,0,0,0,0,0,0,0,0,0,0,0,1
13.02223,0,0,0,0,0,0,1,0,0,0,0,0,0,0,0,0,0,0,0,1
13.0355,0,0,0,0,0,0,1,0,0,0,0,0,0,0,0,0,0,0,0,1
13.04857,0,0,0,0,0,0,1,0,0,0,0,0,0,0,0,0,0,0,0,1
13.07231,0,0,0,0,0,0,1,0,0,0,0,0,0,0,0,0,0,0,0,1
