0.02,Nullreference,0
0.04,Nullreference,0
0.3733333,Nullreference,0.001381785
0.4085301,Nullreference,0.00239311
0.4201936,Nullreference,0.00457571
0.4291475,Nullreference,0.00468839
0.4388188,Nullreference,0.00376428
0.4478211,Nullreference,0.002135578
0.4568037,Nullreference,0.006202806
0.4680367,Nullreference,0.004017727
0.4789245,Nullreference,0.003900462
0.4924701,Nullreference,0.003732985
0.5019231,Nullreference,0.005282659
0.512529,Nullreference,0.003034492
0.5233103,Nullreference,0.002642448
0.5343489,Nullreference,0.004605508
0.5454507,Nullreference,0.004243434
0.5566735,Nullreference,0.004979777
0.5676773,Nullreference,0.002911982
0.5788817,Nullreference,0.004820149
0.5899063,Nullreference,0.003658074
0.6010332,Nullreference,0.002419804
0.6121087,Nullreference,0.001255469
0.6232535,Nullreference,0.005553788
0.6343156,Nullreference,0.005656801
0.6453872,Nullreference,0.004368264
0.6568194,Nullreference,0.008212166
0.6678655,Nullreference,0.005923904
0.6787765,Nullreference,0.00671322
0.6899356,Nullreference,0.002577265
0.7010291,Nullreference,0.003047102
0.7121062,Nullreference,0.004176838
0.7232257,Nullreference,0.001812532
0.7343345,Nullreference,0.003970377
0.7454132,Nullreference,0.003822922
0.7565609,Nullreference,0.001902062
0.7675948,Nullreference,0.002546788
0.7788036,Nullreference,0.001095107
0.7898259,Nullreference,0.004061952
0.8009608,Nullreference,0.003035339
0.8120699,Nullreference,0.004528629
0.8232124,Nullreference,0.004723111
0.8342327,Nullreference,0.005813695
0.8453214,Nullreference,0.00159895
0.8564182,Nullreference,0.003887046
0.867494,Nullreference,0.004089042
0.878646,Nullreference,0.001949001
0.8897308,Nullreference,0.003003941
0.900892,Nullreference,0.002186532
0.9120117,Nullreference,0.002989427
0.9230804,Nullreference,0.001674761
0.9342281,Nullreference,0.003683197
0.9452514,Nullreference,0.003483994
0.9564914,Nullreference,0.008149972
0.9674861,Nullreference,0.002872459
0.9786711,Nullreference,0.006411035
0.9897085,Nullreference,0.002530322
1.001065,Nullreference,0.003023424
1.013044,Nullreference,0.004623041
1.024927,Nullreference,0.006493012
1.036939,Nullreference,0.001661827
1.048735,Nullreference,0.005164873
1.060676,Nullreference,0.005603185
1.072661,Nullreference,0.007553827
1.083633,Nullreference,0.002064315
1.095972,Nullreference,0.001093865
1.106058,Nullreference,0.005693806
1.117344,Nullreference,0.002601071
1.128541,Nullreference,0.002257924
1.139583,Nullreference,0.004113453
1.150524,Nullreference,0.002027923
1.161642,Nullreference,0.002541211
1.172456,Nullreference,0.004792516
1.183614,Nullreference,0.003000768
1.194921,Nullreference,0.005337691
1.2058,Nullreference,0.007991467
1.21688,Nullreference,0.007976354
1.227978,Nullreference,0.001187324
1.239147,Nullreference,0.005091749
1.250184,Nullreference,0.005188099
1.261298,Nullreference,0.003920545
1.272417,Nullreference,0.002585132
1.283567,Nullreference,0.003458997
1.294771,Nullreference,0.003808494
1.305747,Nullreference,0.007242519
1.316828,Nullreference,0.003231367
1.327978,Nullreference,0.001849164
1.339082,Nullreference,0.003847191
1.350167,Nullreference,0.006068926
1.361318,Nullreference,0.002172186
1.372401,Nullreference,0.00715828
1.38345,Nullreference,0.003520468
1.394758,Nullreference,0.003788483
1.405871,Nullreference,0.005662462
1.417415,Nullreference,0.006923247
1.428229,Nullreference,0.002656356
1.442654,Nullreference,0.001338401
1.451445,Nullreference,0.007698324
1.461136,Nullreference,0.005534481
1.471649,Nullreference,0.004405016
1.482696,Nullreference,0.005972035
1.494074,Nullreference,0.002714983
1.504917,Nullreference,0.0008088605
1.516075,Nullreference,0.004203837
1.527023,Nullreference,0.002852223
1.538106,Nullreference,0.005258055
1.549198,Nullreference,0.002984001
1.560306,Nullreference,0.004219121
1.571589,Nullreference,0.003867424
1.582643,Nullreference,0.003952821
1.593586,Nullreference,0.005693976
1.604804,Nullreference,0.003723506
1.615891,Nullreference,0.002318582
1.627108,Nullreference,0.005004871
1.638102,Nullreference,0.002020371
1.649268,Nullreference,0.003548537
1.660403,Nullreference,0.001715719
1.671339,Nullreference,0.009834939
1.682497,Nullreference,0.003929674
1.693582,Nullreference,0.002646264
1.704667,Nullreference,0.003118001
1.716138,Nullreference,0.003394111
1.726905,Nullreference,0.003252828
1.738012,Nullreference,0.003467989
1.754558,Nullreference,0.005024131
1.765018,Nullreference,0.003687615
1.773277,Nullreference,0.004676518
1.781175,Nullreference,0.003203633
1.792281,Nullreference,0.005660982
1.803379,Nullreference,0.002392405
1.81442,Nullreference,0.003790178
1.825528,Nullreference,0.005525746
1.836626,Nullreference,0.001457348
1.847757,Nullreference,0.004907081
1.858851,Nullreference,0.002374016
1.869966,Nullreference,0.004693053
1.884475,Nullreference,0.004703262
1.892674,Nullreference,0.002551452
1.903362,Nullreference,0.00722754
1.914378,Nullreference,0.002127959
1.925568,Nullreference,0.002620242
1.936618,Nullreference,0.001411558
1.947731,Nullreference,0.005514677
1.958818,Nullreference,0.002383817
1.96993,Nullreference,0.001464999
1.980993,Nullreference,0.001795897
1.992128,Nullreference,0.003691753
2.0033,Nullreference,0.001080909
2.014318,Nullreference,0.00301287
2.025541,Nullreference,0.008156586
2.036574,Nullreference,0.004481221
2.047636,Nullreference,0.002295438
2.058832,Nullreference,0.003711241
2.06991,Nullreference,0.002246291
2.081019,Nullreference,0.003131444
2.092111,Nullreference,0.003033233
2.103256,Nullreference,0.001837356
2.114293,Nullreference,0.002771316
2.125694,Nullreference,0.00690251
2.136854,Nullreference,0.004228553
2.148307,Nullreference,0.003959988
2.159451,Nullreference,0.003364309
2.170581,Nullreference,0.003028798
2.181882,Nullreference,0.003302311
2.193121,Nullreference,0.006267036
2.204448,Nullreference,0.002407084
2.215683,Nullreference,0.005049808
2.22711,Nullreference,0.003788706
2.238871,Nullreference,0.002457999
2.24954,Nullreference,0.001101654
2.260887,Nullreference,0.00355445
2.272511,Nullreference,0.003612648
2.283114,Nullreference,0.002930826
2.29417,Nullreference,0.001366394
2.305279,Nullreference,0.007396741
2.316406,Nullreference,0.004245484
2.327454,Nullreference,0.004470461
2.338556,Nullreference,0.001977616
2.349717,Nullreference,0.002290715
2.360967,Nullreference,0.006471044
2.371976,Nullreference,0.00224256
2.383133,Nullreference,0.005994983
2.394222,Nullreference,0.002170649
2.405246,Nullreference,0.002943639
2.416425,Nullreference,0.008283055
2.427445,Nullreference,0.003550335
2.438533,Nullreference,0.003343592
2.449621,Nullreference,0.005937422
2.460848,Nullreference,0.002818589
2.471862,Nullreference,0.003352298
2.482931,Nullreference,0.005339679
2.4941,Nullreference,0.00443231
2.505208,Nullreference,0.002321393
2.516819,Nullreference,0.006098092
2.52745,Nullreference,0.004560971
2.538517,Nullreference,0.003552502
2.549849,Nullreference,0.005387666
2.564348,Nullreference,0.001636442
2.57377,Nullreference,0.003169606
2.582964,Nullreference,0.004320921
2.59305,Nullreference,0.00375343
2.60413,Nullreference,0.003894694
2.615196,Nullreference,0.004297915
2.626349,Nullreference,0.00454915
2.637751,Nullreference,0.002626682
2.648533,Nullreference,0.005708507
2.659631,Nullreference,0.001615141
2.670703,Nullreference,0.003965689
2.681839,Nullreference,0.002403705
2.692908,Nullreference,0.004062611
2.70418,Nullreference,0.001919184
2.715111,Nullreference,0.00528557
2.726208,Nullreference,0.005340721
2.737355,Nullreference,0.003965815
2.748451,Nullreference,0.002979838
2.759532,Nullreference,0.006138228
2.770678,Nullreference,0.003023915
2.781747,Nullreference,0.002848558
2.792965,Nullreference,0.002477485
2.804051,Nullreference,0.004182605
2.815067,Nullreference,0.003037123
2.826347,Nullreference,0.004891919
2.837281,Nullreference,0.002515547
2.848429,Nullreference,0.001504315
2.859597,Nullreference,0.004103202
2.87061,Nullreference,0.00229033
2.881738,Nullreference,0.006705555
2.892824,Nullreference,0.006173754
2.904141,Nullreference,0.004617512
2.915027,Nullreference,0.004320738
2.92629,Nullreference,0.0007863237
2.937485,Nullreference,0.003085725
2.948758,Nullreference,0.002202583
2.959944,Nullreference,0.002638706
2.97131,Nullreference,0.003208363
2.982669,Nullreference,0.002510289
2.993863,Nullreference,0.001528308
3.005261,Nullreference,0.004970392
3.016394,Nullreference,0.003004392
3.027361,Nullreference,0.0034264
3.038243,Nullreference,0.006629757
3.049396,Nullreference,0.002572817
3.060506,Nullreference,0.006483855
3.071713,Nullreference,0.0006876582
3.08267,Nullreference,0.003965415
3.093815,Nullreference,0.004765846
3.104976,Nullreference,0.002305675
3.116005,Nullreference,0.001684329
3.127191,Nullreference,0.002565606
3.138228,Nullreference,0.004487181
3.149359,Nullreference,0.001597126
3.160452,Nullreference,0.002756711
3.171594,Nullreference,0.003729339
3.182703,Nullreference,0.003109352
3.193925,Nullreference,0.003550536
3.204916,Nullreference,0.001865188
3.215953,Nullreference,0.00622576
3.227066,Nullreference,0.005070841
3.238272,Nullreference,0.002933688
3.249269,Nullreference,0.0008848989
3.260969,Nullreference,0.005059247
3.271489,Nullreference,0.006889466
3.282618,Nullreference,0.005798252
3.293823,Nullreference,0.0009185572
3.30485,Nullreference,0.004781973
3.315914,Nullreference,0.002419615
3.327123,Nullreference,0.002541254
3.338177,Nullreference,0.003470085
3.349254,Nullreference,0.004730902
3.360357,Nullreference,0.002769984
3.371428,Nullreference,0.001641595
3.382595,Nullreference,0.004207107
3.394163,Nullreference,0.003103174
3.40487,Nullreference,0.003969523
3.415933,Nullreference,0.002544362
3.427015,Nullreference,0.002179967
3.438068,Nullreference,0.007132171
3.449205,Nullreference,0.005068285
3.460378,Nullreference,0.004949044
3.471409,Nullreference,0.00173205
3.482567,Nullreference,0.004448615
3.493649,Nullreference,0.003476999
3.504781,Nullreference,0.005313487
3.515839,Nullreference,0.003970168
3.526945,Nullreference,0.005835441
3.538157,Nullreference,0.004127244
3.549158,Nullreference,0.00114059
3.560266,Nullreference,0.003975927
3.571393,Nullreference,0.005063164
3.582496,Nullreference,0.002853681
3.593594,Nullreference,0.002992273
3.604716,Nullreference,0.004198504
3.615795,Nullreference,0.002260201
3.62693,Nullreference,0.0008610239
3.638083,Nullreference,0.003297165
3.649114,Nullreference,0.005827507
3.660242,Nullreference,0.004343707
3.67136,Nullreference,0.004270765
3.682417,Nullreference,0.002731633
3.69358,Nullreference,0.001611027
3.704674,Nullreference,0.003572223
3.715787,Nullreference,0.004439708
3.726851,Nullreference,0.002968892
3.737975,Nullreference,0.003888109
3.74914,Nullreference,0.002775507
3.760178,Nullreference,0.00290089
3.771323,Nullreference,0.003116722
3.782343,Nullreference,0.0005913426
3.793645,Nullreference,0.003033219
3.804638,Nullreference,0.002569896
3.815675,Nullreference,0.003278602
3.82679,Nullreference,0.001451805
3.837881,Nullreference,0.001129815
3.849,Nullreference,0.00392104
3.86018,Nullreference,0.005261489
3.871388,Nullreference,0.005325971
3.882328,Nullreference,0.00319619
3.893426,Nullreference,0.005776321
3.904634,Nullreference,0.006748479
3.915638,Nullreference,0.005692078
3.92678,Nullreference,0.003170834
3.93785,Nullreference,0.002714265
3.949185,Nullreference,0.002944338
3.960397,Nullreference,0.002965324
3.971353,Nullreference,0.004265345
3.982473,Nullreference,0.002631987
3.993567,Nullreference,0.005433897
4.004689,Nullreference,0.007016191
4.015782,Nullreference,0.002828298
4.027423,Nullreference,0.005793132
4.037964,Nullreference,0.002825068
4.049109,Nullreference,0.0007760981
4.060258,Nullreference,0.003245041
4.071139,Nullreference,0.002862053
4.082245,Nullreference,0.004960976
4.0934,Nullreference,0.003375266
4.104616,Nullreference,0.005849106
4.11556,Nullreference,0.00212376
4.126654,Nullreference,0.007126302
4.137761,Nullreference,0.002871333
4.148869,Nullreference,0.002041064
4.15997,Nullreference,0.004029967
4.171084,Nullreference,0.003396046
4.182303,Nullreference,0.001115399
4.1933,Nullreference,0.005603551
4.204442,Nullreference,0.004813556
4.215514,Nullreference,0.00847971
4.226869,Nullreference,0.002765429
4.237737,Nullreference,0.006146341
4.248819,Nullreference,0.003055563
4.260024,Nullreference,0.003415412
4.271606,Nullreference,0.002489293
4.282295,Nullreference,0.003029202
4.293308,Nullreference,0.0005100672
4.304379,Nullreference,0.002529299
4.315442,Nullreference,0.009630738
4.32658,Nullreference,0.00665573
4.337687,Nullreference,0.004320283
4.348798,Nullreference,0.006751399
4.359882,Nullreference,0.002138475
4.370985,Nullreference,0.003035025
4.382119,Nullreference,0.004634485
4.393606,Nullreference,0.003327005
4.404397,Nullreference,0.003599269
4.415462,Nullreference,0.002853424
4.426527,Nullreference,0.008144089
4.437647,Nullreference,0.003007242
4.448754,Nullreference,0.006227079
4.45992,Nullreference,0.00663788
4.470939,Nullreference,0.001092829
4.482058,Nullreference,0.003951529
4.493147,Nullreference,0.005514257
4.504395,Nullreference,0.002802959
4.515388,Nullreference,0.01189334
4.526871,Nullreference,0.005471905
4.537568,Nullreference,0.004920523
4.548682,Nullreference,0.002369797
4.560034,Nullreference,0.002626372
4.571206,Nullreference,0.004783659
4.582403,Nullreference,0.005099014
4.593328,Nullreference,0.007932778
4.604473,Nullreference,0.007310781
4.615508,Nullreference,0.001380438
4.626646,Nullreference,0.002022836
4.63772,Nullreference,0.00547633
4.648808,Nullreference,0.007536249
4.659921,Nullreference,0.005022139
4.670855,Nullreference,0.003162717
4.681974,Nullreference,0.007248003
4.693119,Nullreference,0.007451254
4.704621,Nullreference,0.00650885
4.715308,Nullreference,0.006192847
4.726466,Nullreference,0.007334352
4.737507,Nullreference,0.003754238
4.75229,Nullreference,0.002282823
4.763982,Nullreference,0.004250952
4.772922,Nullreference,0.002988887
4.781874,Nullreference,0.003558489
4.793042,Nullreference,0.003707255
4.804182,Nullreference,0.003535757
4.815283,Nullreference,0.002742301
4.826452,Nullreference,0.003654734
4.837441,Nullreference,0.002381303
4.848557,Nullreference,0.002544997
4.860104,Nullreference,0.005827492
4.871941,Nullreference,0.003338467
4.882443,Nullreference,0.00519865
4.893032,Nullreference,0.002450648
4.90419,Nullreference,0.002964419
4.915191,Nullreference,0.005107666
4.926285,Nullreference,0.003002715
4.937402,Nullreference,0.004700874
4.948522,Nullreference,0.003228985
4.959651,Nullreference,0.002822167
4.970751,Nullreference,0.0008715449
4.981822,Nullreference,0.0045367
4.99297,Nullreference,0.005244572
5.004772,Nullreference,0.006123208
5.015347,Nullreference,0.004735581
5.026283,Nullreference,0.004626284
5.037424,Nullreference,0.00195798
5.048546,Nullreference,0.003129453
5.059619,Nullreference,0.00554813
5.070693,Nullreference,0.003632077
5.081772,Nullreference,0.011406
5.092902,Nullreference,0.004041788
5.104041,Nullreference,0.004377414
5.115098,Nullreference,0.002870514
5.126213,Nullreference,0.005771275
5.137313,Nullreference,0.002649399
5.148433,Nullreference,0.004186921
5.15951,Nullreference,0.002647749
5.170631,Nullreference,0.002788199
5.181769,Nullreference,0.003401346
5.192897,Nullreference,0.003722579
5.204185,Nullreference,0.003409096
5.215358,Nullreference,0.002979392
5.226535,Nullreference,0.003855335
5.237398,Nullreference,0.003223537
5.248552,Nullreference,0.004755358
5.259718,Nullreference,0.001729649
5.270748,Nullreference,0.002204273
5.281841,Nullreference,0.006658687
5.292838,Nullreference,0.001098768
5.303994,Nullreference,0.002370106
5.315026,Nullreference,0.002574899
5.326213,Nullreference,0.003540883
5.337268,Nullreference,0.001171154
5.348729,Nullreference,0.001808006
5.359444,Nullreference,0.002268939
5.370555,Nullreference,0.003274473
5.3821,Nullreference,0.00484651
5.392746,Nullreference,0.003837269
5.403867,Nullreference,0.001321103
5.415114,Nullreference,0.00418247
5.426108,Nullreference,0.003322796
5.437177,Nullreference,0.003670423
5.448287,Nullreference,0.002549949
5.459927,Nullreference,0.001565524
5.470491,Nullreference,0.004727358
5.481692,Nullreference,0.004424875
5.493113,Nullreference,0.001570185
5.503882,Nullreference,0.003542846
5.515503,Nullreference,0.001743089
5.526221,Nullreference,0.004622621
5.537149,Nullreference,0.001536099
5.548234,Nullreference,0.004434449
5.559333,Nullreference,0.002562663
5.570486,Nullreference,0.003577496
5.582075,Nullreference,0.002568795
5.592648,Nullreference,0.002895164
5.603794,Nullreference,0.002695297
5.614887,Nullreference,0.004291346
5.625998,Nullreference,0.002866253
5.637096,Nullreference,0.005444183
5.648596,Nullreference,0.0002876245
5.659414,Nullreference,0.004414356
5.670407,Nullreference,0.003402103
5.681516,Nullreference,0.003447749
5.692618,Nullreference,0.004905343
5.703697,Nullreference,0.00341751
5.715152,Nullreference,0.00390564
5.726154,Nullreference,0.004987254
5.737169,Nullreference,0.003770316
5.748182,Nullreference,0.002897844
5.759467,Nullreference,0.001383458
5.770523,Nullreference,0.0005051516
5.781637,Nullreference,0.001447772
5.792744,Nullreference,0.002338281
5.803865,Nullreference,0.004909393
5.815337,Nullreference,0.001937097
5.826075,Nullreference,0.002525302
5.837228,Nullreference,0.0032732
5.848355,Nullreference,0.003190336
5.859233,Nullreference,0.002549685
5.870312,Nullreference,0.0003275631
5.881412,Nullreference,0.002590865
5.892537,Nullreference,0.003747059
5.903635,Nullreference,0.0003339555
5.914749,Nullreference,0.004853931
5.925842,Nullreference,0.003681815
5.936943,Nullreference,0.003570508
5.948049,Nullreference,0.004979289
5.959178,Nullreference,0.007141537
5.970359,Nullreference,0.005010142
5.981377,Nullreference,0.005122002
5.992482,Nullreference,0.003009695
6.003598,Nullreference,0.004428871
6.015061,Nullreference,0.003035505
6.025791,Nullreference,0.006652037
6.036942,Nullreference,0.004484758
6.048018,Nullreference,0.004276839
6.059102,Nullreference,0.002868414
6.070272,Nullreference,0.001668787
6.081358,Nullreference,0.002446315
6.09296,Nullreference,0.0007953266
6.103528,Nullreference,0.00416728
6.114665,Nullreference,0.002972089
6.125882,Nullreference,0.005566978
6.136883,Nullreference,0.001337599
6.14801,Nullreference,0.0005820633
6.1591,Nullreference,0.001795283
6.170197,Nullreference,0.004420353
6.181348,Nullreference,0.004987314
6.192595,Nullreference,0.008677362
6.203552,Nullreference,0.00451054
6.215089,Nullreference,0.00620742
6.225754,Nullreference,0.005891579
6.236849,Nullreference,0.0025696
6.248003,Nullreference,0.00164306
6.259127,Nullreference,0.003906618
6.270123,Nullreference,0.005663418
6.281279,Nullreference,0.00345563
6.292382,Nullreference,0.002485501
6.30344,Nullreference,0.007894977
6.314963,Nullreference,0.002146121
6.32565,Nullreference,0.005514702
6.33678,Nullreference,0.004032983
6.347954,Nullreference,0.004300924
6.358998,Nullreference,0.002880064
6.370097,Nullreference,0.002201501
6.381488,Nullreference,0.003482307
6.392453,Nullreference,0.001045957
6.403742,Nullreference,0.002620526
6.414694,Nullreference,0.002752148
6.426377,Nullreference,0.004204658
6.436949,Nullreference,0.004318356
6.448013,Nullreference,0.001255641
6.459144,Nullreference,0.002322064
6.47028,Nullreference,0.002188216
6.481229,Nullreference,0.004812459
6.492489,Nullreference,0.005108315
6.503387,Nullreference,0.002784536
6.51448,Nullreference,0.00251452
6.525576,Nullreference,0.007027035
6.536689,Nullreference,0.003139022
6.547807,Nullreference,0.00641907
6.558978,Nullreference,0.004307653
6.57008,Nullreference,0.002070964
6.581123,Nullreference,0.003350895
6.592259,Nullreference,0.002614472
6.6033,Nullreference,0.002257529
6.614435,Nullreference,0.003281874
6.62555,Nullreference,0.004078684
6.636656,Nullreference,0.002648141
6.647738,Nullreference,0.003241643
6.658835,Nullreference,0.003936729
6.669984,Nullreference,0.003613548
6.681102,Nullreference,0.003713453
6.692173,Nullreference,0.005061156
6.7033,Nullreference,0.002381547
6.714385,Nullreference,0.004729328
6.725492,Nullreference,0.004726467
6.73719,Nullreference,0.0006565384
6.748293,Nullreference,0.002667953
6.760498,Nullreference,0.004243126
6.770232,Nullreference,0.004200243
6.781104,Nullreference,0.004658214
6.792193,Nullreference,0.004987285
6.803236,Nullreference,0.004288033
6.814414,Nullreference,0.00275061
6.825568,Nullreference,0.002230896
6.836543,Nullreference,0.003421205
6.847659,Nullreference,0.00216302
6.858743,Nullreference,0.003307315
6.870327,Nullreference,0.002884972
6.88098,Nullreference,0.004293651
6.892075,Nullreference,0.006160505
6.903251,Nullreference,0.003564443
6.914289,Nullreference,0.002885538
6.925395,Nullreference,0.001827924
6.936646,Nullreference,0.004360696
6.947631,Nullreference,0.003344889
6.958724,Nullreference,0.005564259
6.969835,Nullreference,0.002310247
6.980921,Nullreference,0.001399078
6.992028,Nullreference,0.004290089
7.003126,Nullreference,0.001455497
7.014296,Nullreference,0.004057116
7.025383,Nullreference,0.004734993
7.036543,Nullreference,0.004333054
7.047549,Nullreference,0.001724137
7.058798,Nullreference,0.002258764
7.069793,Nullreference,0.002317778
7.080873,Nullreference,0.001433839
7.091974,Nullreference,0.003030175
7.103103,Nullreference,0.002134611
7.114219,Nullreference,0.003316286
7.125319,Nullreference,0.003583482
7.136425,Nullreference,0.003602326
7.147581,Nullreference,0.003758444
7.15866,Nullreference,0.001738798
7.169739,Nullreference,0.004295845
7.180828,Nullreference,0.004504303
7.191975,Nullreference,0.004289681
7.203033,Nullreference,0.003630255
7.214203,Nullreference,0.003848664
7.22527,Nullreference,0.003554031
7.236482,Nullreference,0.004701424
7.247641,Nullreference,0.001571606
7.258751,Nullreference,0.007818
7.269893,Nullreference,0.004789314
7.280919,Nullreference,0.002023545
7.292043,Nullreference,0.00420509
7.303314,Nullreference,0.005885691
7.31435,Nullreference,0.004660396
7.325384,Nullreference,0.003585269
7.33638,Nullreference,0.003224742
7.347522,Nullreference,0.002963118
7.35851,Nullreference,0.002486215
7.369811,Nullreference,0.003640607
7.380777,Nullreference,0.00281992
7.391847,Nullreference,0.005686754
7.402954,Nullreference,0.001541964
7.414179,Nullreference,0.002184219
7.425214,Nullreference,0.002518659
7.436303,Nullreference,0.004433529
7.447429,Nullreference,0.003822901
7.458498,Nullreference,0.002105162
7.469619,Nullreference,0.002056811
7.48072,Nullreference,0.005131478
7.491867,Nullreference,0.008363913
7.502928,Nullreference,0.002278955
7.51405,Nullreference,0.002229383
7.525193,Nullreference,0.003828539
7.536274,Nullreference,0.005154443
7.547341,Nullreference,0.002617511
7.558432,Nullreference,0.003527544
7.569625,Nullreference,0.006596358
7.580724,Nullreference,0.002864788
7.591841,Nullreference,0.004776853
7.602878,Nullreference,0.003435133
7.613998,Nullreference,0.002204635
7.625161,Nullreference,0.004693014
7.636198,Nullreference,0.004170822
7.647317,Nullreference,0.001379849
7.658409,Nullreference,0.001846919
7.669544,Nullreference,0.003645484
7.680665,Nullreference,0.003741841
7.69171,Nullreference,0.003856487
7.70286,Nullreference,0.001803211
7.713964,Nullreference,0.001874067
7.725029,Nullreference,0.003383009
7.736248,Nullreference,0.004343729
7.747283,Nullreference,0.0003742
7.758369,Nullreference,0.003497915
7.769465,Nullreference,0.005902663
7.780582,Nullreference,0.005804097
7.791703,Nullreference,0.002198751
7.803129,Nullreference,0.004153331
7.813927,Nullreference,0.004565735
7.825054,Nullreference,0.00372923
7.836201,Nullreference,0.003363713
7.847219,Nullreference,0.002111264
7.858506,Nullreference,0.002366965
7.869569,Nullreference,0.003530674
7.880691,Nullreference,0.001234078
7.891644,Nullreference,0.002309906
7.902762,Nullreference,0.0008188564
7.913881,Nullreference,0.002103337
7.925013,Nullreference,0.005617598
7.936109,Nullreference,0.001745359
7.947253,Nullreference,0.002552969
7.958297,Nullreference,0.002488356
7.96938,Nullreference,0.001802445
7.980493,Nullreference,0.005100164
7.991653,Nullreference,0.001440672
8.002687,Nullreference,0.005275113
8.01383,Nullreference,0.002762397
8.024883,Nullreference,0.003734991
8.036009,Nullreference,0.003948859
8.047148,Nullreference,0.006861751
8.058243,Nullreference,0.002914856
8.069331,Nullreference,0.004590351
8.080453,Nullreference,0.002753751
8.091553,Nullreference,0.004700859
8.102627,Nullreference,0.004629826
8.113804,Nullreference,0.004504672
8.124866,Nullreference,0.002092282
8.136141,Nullreference,0.0003444207
8.147161,Nullreference,0.002702035
8.158274,Nullreference,0.003602723
8.169322,Nullreference,0.002280533
8.180496,Nullreference,0.008970746
8.191608,Nullreference,0.002303202
8.202595,Nullreference,0.005221905
8.213757,Nullreference,0.005096826
8.224821,Nullreference,0.006185337
8.235928,Nullreference,0.003488978
8.247087,Nullreference,0.002132441
8.258253,Nullreference,0.003799033
8.26928,Nullreference,0.003758342
8.280364,Nullreference,0.003473145
8.291483,Nullreference,0.004968363
8.302626,Nullreference,0.004142836
8.313714,Nullreference,0.003441664
8.325256,Nullreference,0.003834599
8.335915,Nullreference,0.001765161
8.347253,Nullreference,0.002493387
8.358307,Nullreference,0.0047752
8.369376,Nullreference,0.001647257
8.380497,Nullreference,0.005229316
8.39191,Nullreference,0.001066454
8.402691,Nullreference,0.003862523
8.413819,Nullreference,0.001666867
8.424935,Nullreference,0.004235671
8.436017,Nullreference,0.003742421
8.447106,Nullreference,0.004337095
8.458124,Nullreference,0.003588465
8.469152,Nullreference,0.004845188
8.48028,Nullreference,0.003291845
8.491472,Nullreference,0.003397826
8.502452,Nullreference,0.004649498
8.513634,Nullreference,0.004354144
8.524668,Nullreference,0.002946307
8.535816,Nullreference,0.004736525
8.546878,Nullreference,0.005918356
8.558007,Nullreference,0.001922764
8.569167,Nullreference,0.004908216
8.580186,Nullreference,0.004519398
8.591339,Nullreference,0.008164783
8.602525,Nullreference,0.004049696
8.613677,Nullreference,0.001842832
8.624649,Nullreference,0.001993083
8.635971,Nullreference,0.006223277
8.646866,Nullreference,0.001208107
8.658915,Nullreference,0.002827673
8.669057,Nullreference,0.00465051
8.680211,Nullreference,0.005178616
8.691288,Nullreference,0.001879842
8.702388,Nullreference,0.001919662
8.713501,Nullreference,0.005019044
8.724605,Nullreference,0.002796979
8.735847,Nullreference,0.004403125
8.74729,Nullreference,0.002689177
8.757919,Nullreference,0.002986929
8.769212,Nullreference,0.002984178
8.780128,Nullreference,0.008681508
8.791651,Nullreference,0.0004178566
8.802393,Nullreference,0.004172504
8.813691,Nullreference,0.002336171
8.824636,Nullreference,0.00376633
8.83567,Nullreference,0.003803911
8.846767,Nullreference,0.002260176
8.858006,Nullreference,0.004675488
8.868971,Nullreference,0.002223527
8.880073,Nullreference,0.005828456
8.891809,Nullreference,0.00269664
8.902306,Nullreference,0.008468664
8.913521,Nullreference,0.003855766
8.924555,Nullreference,0.004509118
8.935709,Nullreference,0.00428175
8.946786,Nullreference,0.003263586
8.958055,Nullreference,0.007477334
8.969276,Nullreference,0.00356197
8.980294,Nullreference,0.00536722
8.991311,Nullreference,0.005557547
9.00243,Nullreference,0.004016344
9.013585,Nullreference,0.00289172
9.024637,Nullreference,0.00420905
9.035727,Nullreference,0.004100182
9.046885,Nullreference,0.004590628
9.057929,Nullreference,0.004979448
9.0689,Nullreference,0.001646875
9.080183,Nullreference,0.002593919
9.091108,Nullreference,0.00276986
9.102193,Nullreference,0.005659685
9.113299,Nullreference,0.002570978
9.124432,Nullreference,0.001655499
9.1355,Nullreference,0.006032666
9.146618,Nullreference,0.001773093
9.157733,Nullreference,0.002877032
9.169027,Nullreference,0.001624454
9.179966,Nullreference,0.003387216
9.191066,Nullreference,0.003476033
9.202167,Nullreference,0.003020753
9.213269,Nullreference,0.00438948
9.224383,Nullreference,0.001034563
9.235586,Nullreference,0.003584017
9.246587,Nullreference,0.002467382
9.257668,Nullreference,0.003461359
9.268796,Nullreference,0.002009059
9.280503,Nullreference,0.002747662
9.291009,Nullreference,0.001450412
9.302133,Nullreference,0.003216543
9.31322,Nullreference,0.004344581
9.324418,Nullreference,0.0004640762
9.335492,Nullreference,0.002973186
9.346604,Nullreference,0.004012571
9.35768,Nullreference,0.0002715258
9.368791,Nullreference,0.005052992
9.379876,Nullreference,0.004723354
9.391003,Nullreference,0.005061727
9.40259,Nullreference,0.003655636
9.413245,Nullreference,0.003117941
9.424282,Nullreference,0.003212935
9.435384,Nullreference,0.002010348
9.446623,Nullreference,0.003216918
9.457612,Nullreference,0.00194682
9.468676,Nullreference,0.002061548
9.479839,Nullreference,0.002023562
9.490899,Nullreference,0.002596208
9.502064,Nullreference,0.00140485
9.513227,Nullreference,0.001655896
9.524266,Nullreference,0.007290882
9.535334,Nullreference,0.005582243
9.546592,Nullreference,0.003016864
9.557608,Nullreference,0.004418733
9.568673,Nullreference,0.006451088
9.579793,Nullreference,0.004151232
9.590961,Nullreference,0.003287506
9.60201,Nullreference,0.00425714
9.613132,Nullreference,0.001371461
9.624187,Nullreference,0.00393374
9.63534,Nullreference,0.001705994
9.646435,Nullreference,0.004028489
9.65752,Nullreference,0.004179047
9.66862,Nullreference,0.002973614
9.679771,Nullreference,0.004663961
9.690953,Nullreference,0.002476297
9.702177,Nullreference,0.005893332
9.713301,Nullreference,0.005387104
9.724321,Nullreference,0.004345692
9.735514,Nullreference,0.005510198
9.746611,Nullreference,0.005005882
9.757626,Nullreference,0.002912381
9.768737,Nullreference,0.003447701
9.779696,Nullreference,0.004579032
9.790829,Nullreference,0.004334752
9.802302,Nullreference,0.001175972
9.813201,Nullreference,0.001432075
9.824143,Nullreference,0.004166388
9.835203,Nullreference,0.00361489
9.846328,Nullreference,0.002846754
9.857453,Nullreference,0.004041787
9.868506,Nullreference,0.003062149
9.879755,Nullreference,0.004737026
9.890744,Nullreference,0.002945834
9.901881,Nullreference,0.003178883
9.912999,Nullreference,0.003094557
9.924074,Nullreference,0.004309095
9.935142,Nullreference,0.002531842
9.946274,Nullreference,0.001942995
9.957397,Nullreference,0.007028936
9.968496,Nullreference,0.001447914
9.979592,Nullreference,0.002224567
9.990702,Nullreference,0.001293673
10.00182,Nullreference,0.004607309
10.01356,Nullreference,0.003544539
10.0241,Nullreference,0.002698475
10.03513,Nullreference,0.002394276
10.04628,Nullreference,0.003540597
10.05733,Nullreference,0.003677508
10.06847,Nullreference,0.002879807
10.07956,Nullreference,0.003730437
10.09065,Nullreference,0.003327954
10.10177,Nullreference,0.00227458
10.1129,Nullreference,0.003011229
10.124,Nullreference,0.003574144
10.13511,Nullreference,0.004111131
10.14665,Nullreference,0.002905319
10.15735,Nullreference,0.004175466
10.16843,Nullreference,0.002936129
10.17952,Nullreference,0.003988354
10.19059,Nullreference,0.002970987
10.20185,Nullreference,0.006128955
10.21283,Nullreference,0.006171014
10.22392,Nullreference,0.00409346
10.23506,Nullreference,0.002787025
10.24612,Nullreference,0.004322305
10.25721,Nullreference,0.002378091
10.26836,Nullreference,0.003745161
10.27956,Nullreference,0.005347722
10.29056,Nullreference,0.0006537154
10.30169,Nullreference,0.003125054
10.31282,Nullreference,0.001702565
10.32391,Nullreference,0.002734464
10.335,Nullreference,0.002365422
10.34611,Nullreference,0.005917855
10.35721,Nullreference,0.00403848
10.36829,Nullreference,0.0008082241
10.37938,Nullreference,0.003441502
10.39051,Nullreference,0.001205199
10.40175,Nullreference,0.002354368
10.41274,Nullreference,0.004635075
10.42385,Nullreference,0.001740755
10.43494,Nullreference,0.003788678
10.44615,Nullreference,0.003274449
10.45717,Nullreference,0.003571885
10.46828,Nullreference,0.003003016
10.47941,Nullreference,0.002270606
10.49045,Nullreference,0.001670424
10.50165,Nullreference,0.004177333
10.51274,Nullreference,0.005135091
10.5238,Nullreference,0.002365702
10.53503,Nullreference,0.003522724
10.54601,Nullreference,0.002317601
10.55712,Nullreference,0.007818767
10.5683,Nullreference,0.002404951
10.57932,Nullreference,0.003007129
10.59046,Nullreference,0.001963971
10.60151,Nullreference,0.002966751
10.61269,Nullreference,0.001797071
10.62375,Nullreference,0.002806098
10.63492,Nullreference,0.002182668
10.64596,Nullreference,0.002360137
10.6571,Nullreference,0.001842984
10.66823,Nullreference,0.001665896
10.67927,Nullreference,0.002222809
10.69038,Nullreference,0.003837193
10.70151,Nullreference,0.002200587
10.71265,Nullreference,0.002835964
10.72367,Nullreference,0.002309966
10.73481,Nullreference,0.007639505
10.74591,Nullreference,0.003462675
10.75711,Nullreference,0.00263539
10.76812,Nullreference,0.004582996
10.77932,Nullreference,0.004074073
10.79057,Nullreference,0.005003062
10.80143,Nullreference,0.001661305
10.81256,Nullreference,0.003107413
10.82372,Nullreference,0.003607138
10.83475,Nullreference,0.001452074
10.84586,Nullreference,0.00428617
10.85696,Nullreference,0.004161649
10.86811,Nullreference,0.003924961
10.87918,Nullreference,0.003827883
10.89029,Nullreference,0.0051511
10.9014,Nullreference,0.002094945
10.91252,Nullreference,0.002109209
10.92362,Nullreference,0.003045898
10.93472,Nullreference,0.00182088
10.94586,Nullreference,0.002382771
10.95694,Nullreference,0.001794665
10.96803,Nullreference,0.001676166
10.97915,Nullreference,0.002421015
10.99025,Nullreference,0.004509277
11.00173,Nullreference,0.002626071
11.01249,Nullreference,0.004775002
11.02356,Nullreference,0.0044758
11.03469,Nullreference,0.002468025
11.0458,Nullreference,0.003573796
11.05686,Nullreference,0.002872111
11.06802,Nullreference,0.004902224
11.0791,Nullreference,0.003388233
11.09021,Nullreference,0.002042811
11.10198,Nullreference,0.00251123
11.11244,Nullreference,0.003290247
11.12353,Nullreference,0.003069427
11.13462,Nullreference,0.002065736
11.14571,Nullreference,0.004368292
11.15686,Nullreference,0.003561421
11.16795,Nullreference,0.001258427
11.17904,Nullreference,0.006210354
11.19014,Nullreference,0.00237767
11.20126,Nullreference,0.002118811
11.21237,Nullreference,0.002676513
11.22389,Nullreference,0.003998035
11.23464,Nullreference,0.004913906
11.24568,Nullreference,0.003629475
11.25681,Nullreference,0.004618944
11.26794,Nullreference,0.002066183
11.27899,Nullreference,0.001719121
11.29013,Nullreference,0.004075766
11.30131,Nullreference,0.003989816
11.31242,Nullreference,0.003021582
11.32342,Nullreference,0.003669654
11.33451,Nullreference,0.002441576
11.34564,Nullreference,0.004157496
11.35675,Nullreference,0.001969606
11.36784,Nullreference,0.001752562
11.37895,Nullreference,0.001924785
11.39017,Nullreference,0.006638638
11.4012,Nullreference,0.001529334
11.41236,Nullreference,0.002880954
11.42342,Nullreference,0.003484765
11.43459,Nullreference,0.003539965
11.44559,Nullreference,0.00187275
11.45674,Nullreference,0.002855517
11.46779,Nullreference,0.004152277
11.47902,Nullreference,0.006703647
11.49,Nullreference,0.001841925
11.50116,Nullreference,0.005122697
11.51269,Nullreference,0.003460989
11.52334,Nullreference,0.001692658
11.53443,Nullreference,0.004234195
11.54556,Nullreference,0.002995797
11.55664,Nullreference,0.002711267
11.56798,Nullreference,0.001341526
11.57885,Nullreference,0.002630289
11.59001,Nullreference,0.002507228
11.60111,Nullreference,0.002556505
11.61234,Nullreference,0.00284868
11.6233,Nullreference,0.001294618
11.63439,Nullreference,0.0043159
11.64552,Nullreference,0.002186501
11.65658,Nullreference,0.002646446
11.66823,Nullreference,0.002861996
11.67883,Nullreference,0.003052036
11.6899,Nullreference,0.004660042
11.70106,Nullreference,0.003255657
11.71222,Nullreference,0.00337684
11.72331,Nullreference,0.002569173
11.73449,Nullreference,0.002346221
11.74547,Nullreference,0.003957691
11.75663,Nullreference,0.002684705
11.76768,Nullreference,0.004758208
11.77879,Nullreference,0.003181916
11.78994,Nullreference,0.002225055
11.80101,Nullreference,0.003047155
11.81215,Nullreference,0.003368449
11.82321,Nullreference,0.0015982
11.83441,Nullreference,0.005681387
11.84542,Nullreference,0.00734921
11.85652,Nullreference,0.00327376
11.86763,Nullreference,0.001140325
11.87889,Nullreference,0.002173099
11.88999,Nullreference,0.002792128
11.90127,Nullreference,0.002867308
11.91238,Nullreference,0.001139965
11.92334,Nullreference,0.002445673
11.93478,Nullreference,0.004414214
11.94591,Nullreference,0.002074305
11.95665,Nullreference,0.004087032
11.9678,Nullreference,0.00283959
11.97895,Nullreference,0.002556689
11.98997,Nullreference,0.004917478
12.00162,Nullreference,0.003697238
12.01206,Nullreference,0.002653326
12.0231,Nullreference,0.003503849
12.03426,Nullreference,0.00278566
12.0454,Nullreference,0.002081651
12.05642,Nullreference,0.003812709
12.06755,Nullreference,0.001464295
12.07865,Nullreference,0.008148637
12.08975,Nullreference,0.004371467
12.10087,Nullreference,0.002230815
12.11203,Nullreference,0.001251269
12.12313,Nullreference,0.002002011
12.13417,Nullreference,0.004781231
12.14526,Nullreference,0.003982488
12.15655,Nullreference,0.002079541
12.16774,Nullreference,0.001986875
12.17875,Nullreference,0.002059577
12.18991,Nullreference,0.002316238
12.20107,Nullreference,0.001421244
12.2122,Nullreference,0.004126671
12.2233,Nullreference,0.003612362
12.23433,Nullreference,0.001450809
12.24541,Nullreference,0.002196627
12.25649,Nullreference,0.001851752
12.26765,Nullreference,0.004567096
12.27871,Nullreference,0.001527402
12.28983,Nullreference,0.005372681
12.30093,Nullreference,0.004018694
12.31232,Nullreference,0.003841613
12.32312,Nullreference,0.001961289
12.3343,Nullreference,0.001011111
12.34532,Nullreference,0.002646697
12.35646,Nullreference,0.002803465
12.36739,Nullreference,0.001452378
12.3785,Nullreference,0.003755053
12.3896,Nullreference,0.001474367
12.40074,Nullreference,0.003369445
12.41188,Nullreference,0.002638737
12.42293,Nullreference,0.003078114
12.43403,Nullreference,0.002605546
12.44513,Nullreference,0.001710624
12.45623,Nullreference,0.006227879
12.46739,Nullreference,0.002866933
12.47847,Nullreference,0.003660047
12.48958,Nullreference,0.002118862
12.50073,Nullreference,0.002695058
12.51221,Nullreference,0.003328329
12.52293,Nullreference,0.003612465
12.53405,Nullreference,0.006238176
12.54522,Nullreference,0.001774466
12.55619,Nullreference,0.002770811
12.56733,Nullreference,0.002718727
12.5784,Nullreference,0.002695363
12.58955,Nullreference,0.003448259
12.60065,Nullreference,0.004528835
12.61174,Nullreference,0.006781369
12.62297,Nullreference,0.002117635
12.63412,Nullreference,0.003156566
12.64507,Nullreference,0.004264813
12.65619,Nullreference,0.005110486
12.66726,Nullreference,0.003182914
12.67848,Nullreference,0.001675115
12.68949,Nullreference,0.003258889
12.70057,Nullreference,0.002027747
12.712,Nullreference,0.006056843
12.72281,Nullreference,0.004724667
12.73394,Nullreference,0.005318906
12.74523,Nullreference,0.005661603
12.75631,Nullreference,0.002509072
12.76723,Nullreference,0.002538793
12.77831,Nullreference,0.001728472
12.78944,Nullreference,0.001673225
12.80058,Nullreference,0.002542331
12.81165,Nullreference,0.005108952
12.82314,Nullreference,0.00139518
12.83391,Nullreference,0.003977349
12.84497,Nullreference,0.002968047
12.8561,Nullreference,0.002838121
12.86721,Nullreference,0.004105418
12.87828,Nullreference,0.002642808
12.88935,Nullreference,0.00265632
12.90063,Nullreference,0.000327633
12.91218,Nullreference,0.001785195
12.92274,Nullreference,0.002958587
12.93391,Nullreference,0.002084299
12.94489,Nullreference,0.002369206
12.95621,Nullreference,0.00186385
12.96721,Nullreference,0.003739704
12.97824,Nullreference,0.0006021246
12.98936,Nullreference,0.005120741
13.00047,Nullreference,0.002599477
13.01171,Nullreference,0.001347687
13.02284,Nullreference,0.003078338
13.03401,Nullreference,0.0009828113
13.04501,Nullreference,0.003485832
13.0565,Nullreference,0.003295033
13.0674,Nullreference,0.00525464
13.07845,Nullreference,0.002361427
13.08945,Nullreference,0.004384665
13.10061,Nullreference,0.002929277
13.11167,Nullreference,0.003193734
13.12282,Nullreference,0.002345963
13.13384,Nullreference,0.004568094
13.14528,Nullreference,0.005924554
13.15599,Nullreference,0.003519297
13.16702,Nullreference,0.00481468
13.17818,Nullreference,0.005566503
13.18927,Nullreference,0.002128544
13.20043,Nullreference,0.004386759
13.21148,Nullreference,0.001166641
13.22259,Nullreference,0.001761015
13.23372,Nullreference,0.005021368
13.24487,Nullreference,0.001098866
13.25587,Nullreference,0.003236341
13.26702,Nullreference,0.00119162
13.27815,Nullreference,0.00295825
13.2892,Nullreference,0.003815216
13.3003,Nullreference,0.004324529
13.31143,Nullreference,0.001980177
13.32253,Nullreference,0.002273593
13.33362,Nullreference,0.002223744
13.34487,Nullreference,0.003829712
13.35631,Nullreference,0.004383665
13.36696,Nullreference,0.005420369
13.37805,Nullreference,0.002280584
13.38915,Nullreference,0.006116737
13.40051,Nullreference,0.00343153
13.41136,Nullreference,0.002925845
13.42249,Nullreference,0.004531546
13.43368,Nullreference,0.003723333
13.44469,Nullreference,0.00253734
13.45581,Nullreference,0.003915536
13.46735,Nullreference,0.00324857
13.47801,Nullreference,0.003060058
13.48934,Nullreference,0.001250429
13.50045,Nullreference,0.003041724
13.51155,Nullreference,0.002243988
13.52263,Nullreference,0.00452929
13.53375,Nullreference,0.002189093
13.54526,Nullreference,0.005245782
13.55592,Nullreference,0.0005400567
13.56703,Nullreference,0.002993265
13.57823,Nullreference,0.004552954
13.58939,Nullreference,0.001482723
13.60033,Nullreference,0.002479166
13.61145,Nullreference,0.002749466
13.62263,Nullreference,0.003182686
13.63353,Nullreference,0.002775024
13.64461,Nullreference,0.001762521
13.65576,Nullreference,0.003461362
13.66692,Nullreference,0.002685134
13.67793,Nullreference,0.003045748
13.68902,Nullreference,0.005094131
13.70015,Nullreference,0.002742449
13.71122,Nullreference,0.001521394
13.72237,Nullreference,0.001636171
13.73354,Nullreference,0.003912824
13.74463,Nullreference,0.00234876
13.75569,Nullreference,0.001558627
13.76678,Nullreference,0.003407064
13.77791,Nullreference,0.002608896
13.78923,Nullreference,0.002979572
13.80019,Nullreference,0.00391525
13.81119,Nullreference,0.002353045
13.8223,Nullreference,0.004913673
13.83346,Nullreference,0.002319939
13.84453,Nullreference,0.001808882
13.85563,Nullreference,0.0009412585
13.86673,Nullreference,0.002927585
13.878,Nullreference,0.003138704
13.88894,Nullreference,0.001997488
13.90012,Nullreference,0.002113865
13.91117,Nullreference,0.001967329
13.92228,Nullreference,0.004087199
13.93336,Nullreference,0.003902953
13.9449,Nullreference,0.004757206
13.95565,Nullreference,0.001159808
13.9667,Nullreference,0.001715088
13.97821,Nullreference,0.004069054
13.9889,Nullreference,0.002270068
13.99999,Nullreference,0.0008076924
14.01112,Nullreference,0.002636293
14.02221,Nullreference,0.002183131
14.03348,Nullreference,0.00142992
14.04442,Nullreference,0.004813926
14.05598,Nullreference,0.004677191
14.06665,Nullreference,0.00229217
14.07774,Nullreference,0.001729872
14.08883,Nullreference,0.0009977644
14.1,Nullreference,0.002167966
14.11108,Nullreference,0.005640131
14.12217,Nullreference,0.004887696
14.13338,Nullreference,0.003772773
14.1445,Nullreference,0.002389548
14.15552,Nullreference,0.001877985
14.16669,Nullreference,0.004948908
14.17772,Nullreference,0.001896193
14.1888,Nullreference,0.004103116
14.19992,Nullreference,0.005505387
14.21111,Nullreference,0.001552172
14.22214,Nullreference,0.00421256
14.23328,Nullreference,0.002512262
14.24435,Nullreference,0.004317948
14.25544,Nullreference,0.00386001
14.26655,Nullreference,0.001676622
14.27765,Nullreference,0.004455786
14.28876,Nullreference,0.002812058
14.29992,Nullreference,0.004639423
14.31101,Nullreference,0.001187242
14.32207,Nullreference,0.002937027
14.33318,Nullreference,0.003275947
14.3443,Nullreference,0.002191355
14.35536,Nullreference,0.00178897
14.3666,Nullreference,0.001054833
14.37811,Nullreference,0.003191741
14.38873,Nullreference,0.000776366
14.39985,Nullreference,0.00341881
14.41092,Nullreference,0.001924377
14.42206,Nullreference,0.003674262
14.43314,Nullreference,0.003585097
14.44425,Nullreference,0.002261085
14.45534,Nullreference,0.005009378
14.46645,Nullreference,0.001902629
14.47754,Nullreference,0.0006519565
14.48871,Nullreference,0.001441225
14.49978,Nullreference,0.002713587
14.51121,Nullreference,0.003266683
14.52205,Nullreference,0.003413485
14.53313,Nullreference,0.004330978
14.5442,Nullreference,0.00211373
14.5553,Nullreference,0.002758548
14.56646,Nullreference,0.00333384
14.57754,Nullreference,0.003891547
14.58862,Nullreference,0.004553414
14.59972,Nullreference,0.004171816
14.61084,Nullreference,0.002804253
14.62198,Nullreference,0.003815698
14.63307,Nullreference,0.003528058
14.64416,Nullreference,0.001552966
14.65527,Nullreference,0.004402732
14.66667,Nullreference,0.002503082
14.67755,Nullreference,0.001569992
14.68874,Nullreference,0.002301625
14.69986,Nullreference,0.003952907
14.71101,Nullreference,0.002687582
14.72214,Nullreference,0.001914261
14.73328,Nullreference,0.001712719
14.74444,Nullreference,0.0008748965
14.75538,Nullreference,0.004282138
14.76649,Nullreference,0.001736442
14.7776,Nullreference,0.003093598
14.78905,Nullreference,0.003425397
14.79965,Nullreference,0.001686732
14.81073,Nullreference,0.002600124
14.82187,Nullreference,0.002370954
14.83323,Nullreference,0.007404267
14.84411,Nullreference,0.004176479
14.85517,Nullreference,0.00409332
14.86636,Nullreference,0.002510122
14.87736,Nullreference,0.001989242
14.88851,Nullreference,0.003646148
14.89966,Nullreference,0.002312761
14.91068,Nullreference,0.002858351
14.92179,Nullreference,0.005334728
14.93293,Nullreference,0.003265098
14.94401,Nullreference,0.004707027
14.95523,Nullreference,0.004079597
14.96622,Nullreference,0.002677171
14.9775,Nullreference,0.001180562
14.98868,Nullreference,0.003082817
15.00036,Nullreference,0.003853169
15.013,Nullreference,0.002677481
15.0235,Nullreference,0.004426686
15.03366,Nullreference,0.004077175
15.04444,Nullreference,0.003331863
15.05529,Nullreference,0.002861666
15.06639,Nullreference,0.0049849
15.07741,Nullreference,0.002659498
15.08854,Nullreference,0.001176647
15.0997,Nullreference,0.001690312
15.11065,Nullreference,0.002988872
15.12176,Nullreference,0.003334131
15.13281,Nullreference,0.003117691
15.14397,Nullreference,0.004403772
15.15503,Nullreference,0.006283939
15.16615,Nullreference,0.002696291
15.17725,Nullreference,0.002251709
15.18838,Nullreference,0.004247085
15.19962,Nullreference,0.002680942
15.21071,Nullreference,0.001212367
15.22189,Nullreference,0.001576732
15.23298,Nullreference,0.004452513
15.24404,Nullreference,0.002078193
15.25527,Nullreference,0.001767026
15.2663,Nullreference,0.004133479
15.27747,Nullreference,0.003325767
15.2885,Nullreference,0.003495017
15.29947,Nullreference,0.002626897
15.31055,Nullreference,0.005204397
15.32163,Nullreference,0.004352579
15.33274,Nullreference,0.002047188
15.34385,Nullreference,0.004027681
15.35532,Nullreference,0.004967049
15.36608,Nullreference,0.002950736
15.37751,Nullreference,0.0008421805
15.38863,Nullreference,0.001990045
15.39939,Nullreference,0.001807317
15.41051,Nullreference,0.003654724
15.42163,Nullreference,0.001315063
15.43286,Nullreference,0.001929843
15.44384,Nullreference,0.001612511
15.45512,Nullreference,0.005914473
15.46624,Nullreference,0.001796392
15.47733,Nullreference,0.002766159
15.48842,Nullreference,0.003327695
15.49954,Nullreference,0.004342562
15.51066,Nullreference,0.004751968
15.52184,Nullreference,0.001953681
15.53285,Nullreference,0.002956864
15.54384,Nullreference,0.00206143
15.55491,Nullreference,0.002299298
15.56595,Nullreference,0.003270883
15.57705,Nullreference,0.003448217
15.58816,Nullreference,0.003069077
15.59928,Nullreference,0.005176724
15.61042,Nullreference,0.003112254
15.62153,Nullreference,0.004767751
15.63304,Nullreference,0.002790194
15.64379,Nullreference,0.003098363
15.6549,Nullreference,0.004150031
15.66594,Nullreference,0.002170502
15.67701,Nullreference,0.004366386
15.68812,Nullreference,0.00202793
15.69939,Nullreference,0.001756652
15.71038,Nullreference,0.003532032
15.72152,Nullreference,0.003209471
15.73263,Nullreference,0.0006944844
15.74417,Nullreference,0.003723367
15.75474,Nullreference,0.003518509
15.76597,Nullreference,0.003506537
15.77699,Nullreference,0.005541426
15.78809,Nullreference,0.003454312
15.79929,Nullreference,0.003924027
15.81031,Nullreference,0.002323584
15.82152,Nullreference,0.003554264
15.83252,Nullreference,0.002300755
15.84362,Nullreference,0.001328363
15.85645,Nullreference,0.002931308
15.86892,Nullreference,0.001608771
15.87782,Nullreference,0.004158443
15.88743,Nullreference,0.0009391526
15.89857,Nullreference,0.004015787
15.90968,Nullreference,0.003193181
15.92089,Nullreference,0.001058207
15.93187,Nullreference,0.0009330751
15.943,Nullreference,0.00521822
15.95422,Nullreference,0.002033425
15.96518,Nullreference,0.002732481
15.97631,Nullreference,0.003034601
15.99038,Nullreference,0.001814491
16.00058,Nullreference,0.001731045
16.01143,Nullreference,0.00196289
16.02168,Nullreference,0.002309475
16.03184,Nullreference,0.004713161
16.04295,Nullreference,0.003260154
16.05407,Nullreference,0.00291347
16.06517,Nullreference,0.003640477
16.07629,Nullreference,0.002777444
16.08734,Nullreference,0.006307411
16.09848,Nullreference,0.002116819
16.1096,Nullreference,0.002811776
16.12075,Nullreference,0.002496423
16.13183,Nullreference,0.002532163
16.14292,Nullreference,0.0072243
16.15397,Nullreference,0.003814793
16.16511,Nullreference,0.003753947
16.17628,Nullreference,0.005270375
16.1873,Nullreference,0.004453729
16.19841,Nullreference,0.004584143
16.20954,Nullreference,0.003173911
16.22067,Nullreference,0.002994439
16.23193,Nullreference,0.001453037
16.24308,Nullreference,0.003374169
16.25427,Nullreference,0.0003790797
16.2655,Nullreference,0.001292155
16.27671,Nullreference,0.001936205
16.28785,Nullreference,0.003778396
16.29899,Nullreference,0.00176321
16.3102,Nullreference,0.007127972
16.32123,Nullreference,0.001319874
16.33239,Nullreference,0.000785379
16.34337,Nullreference,0.001495161
16.35448,Nullreference,0.004969744
16.36559,Nullreference,0.002823201
16.37673,Nullreference,0.003905581
16.38795,Nullreference,0.001857545
16.39899,Nullreference,0.004105539
16.41001,Nullreference,0.002079672
16.42116,Nullreference,0.002654614
16.43231,Nullreference,0.002458392
16.44385,Nullreference,0.001627599
16.45446,Nullreference,0.004932797
16.46563,Nullreference,0.000879266
16.47679,Nullreference,0.00194454
16.48777,Nullreference,0.00448405
16.49887,Nullreference,0.001908782
16.50998,Nullreference,0.003239105
16.52122,Nullreference,0.001400859
16.53221,Nullreference,0.002841819
16.54336,Nullreference,0.003711013
16.55437,Nullreference,0.003235798
16.56553,Nullreference,0.005485907
16.57724,Nullreference,0.001758044
16.58838,Nullreference,0.003633909
16.59883,Nullreference,0.002782754
16.60996,Nullreference,0.003117781
16.62122,Nullreference,0.002296138
16.63217,Nullreference,0.004275112
16.64337,Nullreference,0.004731182
16.65438,Nullreference,0.004199365
16.66547,Nullreference,0.004243492
16.6767,Nullreference,0.003263733
16.68786,Nullreference,0.003817867
16.69891,Nullreference,0.002689413
16.7099,Nullreference,0.003632824
16.72101,Nullreference,0.002550825
16.73214,Nullreference,0.003357383
16.746,Nullreference,0.001569999
16.75539,Nullreference,0.002137764
16.76543,Nullreference,0.004922214
16.77652,Nullreference,0.004161902
16.78766,Nullreference,0.003830561
16.79873,Nullreference,0.004106916
16.80997,Nullreference,0.003148426
16.82101,Nullreference,0.007667299
16.83204,Nullreference,0.002039792
16.84317,Nullreference,0.001918681
16.85434,Nullreference,0.004567781
16.86595,Nullreference,0.004404622
16.87663,Nullreference,0.00407027
16.88787,Nullreference,0.003394723
16.8989,Nullreference,0.00362978
16.90997,Nullreference,0.002920835
16.92121,Nullreference,0.001450082
16.93224,Nullreference,0.003251366
16.9434,Nullreference,0.001421514
16.9544,Nullreference,0.003623763
16.96566,Nullreference,0.001647253
16.97658,Nullreference,0.002875911
16.98768,Nullreference,0.003385675
16.99893,Nullreference,0.003769265
17.00997,Nullreference,0.001707235
17.02104,Nullreference,0.003645067
17.03243,Nullreference,0.001745896
17.04336,Nullreference,0.001263741
17.05429,Nullreference,0.005270255
17.06532,Nullreference,0.00257429
17.07639,Nullreference,0.001935947
17.08745,Nullreference,0.003503188
17.09871,Nullreference,0.004320524
17.1097,Nullreference,0.002745944
17.12092,Nullreference,0.0007480432
17.13191,Nullreference,0.005387329
17.143,Nullreference,0.006418481
17.15412,Nullreference,0.003672637
17.1653,Nullreference,0.00461401
17.17636,Nullreference,0.004290562
17.18743,Nullreference,0.005178407
17.19853,Nullreference,0.002106719
17.20978,Nullreference,0.001639591
17.22086,Nullreference,0.004093301
17.23185,Nullreference,0.00296289
17.24297,Nullreference,0.003997245
17.25409,Nullreference,0.001031504
17.26517,Nullreference,0.0006225737
17.27628,Nullreference,0.001912769
17.28758,Nullreference,0.004150554
17.29872,Nullreference,0.005059931
17.30977,Nullreference,0.003277243
17.32098,Nullreference,0.005166572
17.33233,Nullreference,0.001494455
17.34312,Nullreference,0.001526092
17.35425,Nullreference,0.004216342
17.36545,Nullreference,0.003007173
17.37749,Nullreference,0.004636104
17.38887,Nullreference,0.001490095
17.39902,Nullreference,0.003209858
17.40992,Nullreference,0.003796156
17.42125,Nullreference,0.003890403
17.43182,Nullreference,0.001666734
17.44289,Nullreference,0.004387275
17.45402,Nullreference,0.002656625
17.46509,Nullreference,0.002475933
17.47624,Nullreference,0.002805429
17.48728,Nullreference,0.001581244
17.4984,Nullreference,0.002175903
17.50955,Nullreference,0.002191549
17.52071,Nullreference,0.002942448
17.53173,Nullreference,0.001175255
17.54292,Nullreference,0.00425948
17.55408,Nullreference,0.003645132
17.56512,Nullreference,0.004869826
17.57618,Nullreference,0.005548012
17.58732,Nullreference,0.00304385
17.59837,Nullreference,0.002686332
17.6095,Nullreference,0.004902983
17.62065,Nullreference,0.004998314
17.63173,Nullreference,0.003308427
17.6433,Nullreference,0.003298768
17.65393,Nullreference,0.002151051
17.665,Nullreference,0.003327954
17.67613,Nullreference,0.0007905279
17.6872,Nullreference,0.004315001
17.69828,Nullreference,0.003698776
17.70944,Nullreference,0.002723492
17.72055,Nullreference,0.00537254
17.73174,Nullreference,0.005782796
17.74274,Nullreference,0.00708907
17.75383,Nullreference,0.009076158
17.76499,Nullreference,0.005875223
17.77605,Nullreference,0.004783929
17.78721,Nullreference,0.002033305
17.79856,Nullreference,0.005353317
17.80953,Nullreference,0.003846292
17.82055,Nullreference,0.002094399
17.83233,Nullreference,0.002724763
17.84276,Nullreference,0.004255402
17.85388,Nullreference,0.003516276
17.8649,Nullreference,0.005415559
17.87603,Nullreference,0.007365702
17.88718,Nullreference,0.002224745
17.89829,Nullreference,0.00735294
17.90934,Nullreference,0.009579397
17.92057,Nullreference,0.005785298
17.93156,Nullreference,0.002453839
17.94271,Nullreference,0.00781704
17.95377,Nullreference,0.009174535
17.96484,Nullreference,0.004642198
17.97595,Nullreference,0.007665399
17.98707,Nullreference,0.005651556
17.99824,Nullreference,0.00431676
18.00957,Nullreference,0.003392867
18.02051,Nullreference,0.0009599332
18.03149,Nullreference,0.005012096
18.04275,Nullreference,0.002073572
18.05373,Nullreference,0.003576057
18.06487,Nullreference,0.005215168
18.07592,Nullreference,0.003447121
18.08704,Nullreference,0.003090196
18.09818,Nullreference,0.005921708
18.10927,Nullreference,0.003174627
18.12042,Nullreference,0.002562876
18.13147,Nullreference,0.006155401
18.14256,Nullreference,0.004078655
18.15364,Nullreference,0.002489456
18.16476,Nullreference,0.002153325
18.17591,Nullreference,0.005848665
18.18696,Nullreference,0.008042669
18.19811,Nullreference,0.003439778
18.20923,Nullreference,0.005234428
18.22042,Nullreference,0.004499063
18.23142,Nullreference,0.007815772
18.24251,Nullreference,0.007879212
18.2537,Nullreference,0.00651507
18.26473,Nullreference,0.004975887
18.27587,Nullreference,0.002913859
18.28698,Nullreference,0.004669643
18.29804,Nullreference,0.002586436
18.30914,Nullreference,0.007649647
18.3204,Nullreference,0.002330797
18.33139,Nullreference,0.00233062
18.34249,Nullreference,0.00823568
18.35357,Nullreference,0.004779848
18.36468,Nullreference,0.004304123
18.37581,Nullreference,0.005886054
18.38688,Nullreference,0.01675952
18.39801,Nullreference,0.01894091
18.40918,Nullreference,0.02079463
18.42023,Nullreference,0.01693774
18.43131,Nullreference,0.01060177
18.44242,Nullreference,0.0138884
18.45357,Nullreference,0.009662147
18.46465,Nullreference,0.02363393
18.47575,Nullreference,0.03033061
18.48688,Nullreference,0.01061274
18.49794,Nullreference,0.01473595
18.50919,Nullreference,0.01235244
18.52017,Nullreference,0.01440508
18.53135,Nullreference,0.01064109
18.54238,Nullreference,0.006324809
18.554,Nullreference,0.00751929
18.56468,Nullreference,0.0103821
18.57574,Nullreference,0.00269733
18.58681,Nullreference,0.006120623
18.59793,Nullreference,0.0118305
18.60903,Nullreference,0.1338077
18.62015,Nullreference,0.2254608
18.63123,Nullreference,0.2192237
18.64235,Nullreference,0.2339886
18.65347,Nullreference,0.1856584
18.66453,Nullreference,0.1920873
18.67568,Nullreference,0.1597316
18.68675,Nullreference,0.2275977
18.69786,Nullreference,0.2513424
18.70897,Nullreference,0.1201537
18.72015,Nullreference,0.06017876
18.73125,Nullreference,0.1739262
18.74231,Nullreference,0.2432803
18.75543,Nullreference,0.4052784
18.76474,Nullreference,0.5593743
18.77566,Nullreference,0.5999414
18.78672,Nullreference,0.4854834
18.79786,Nullreference,0.6779578
18.80893,Nullreference,0.9565979
18.82,Nullreference,1.022977
18.83118,Nullreference,0.9590798
18.84226,Nullreference,1.00853
18.85341,Nullreference,1.271193
18.86446,Nullreference,1.696725
18.8756,Nullreference,1.876684
18.88666,Nullreference,2.212235
18.89776,Nullreference,2.450636
18.90886,Nullreference,2.724095
18.91998,Nullreference,1.947829
18.93115,Nullreference,3.354989
18.9422,Nullreference,2.551368
18.95341,Nullreference,2.479813
18.96564,Nullreference,2.503117
18.97595,Nullreference,2.532849
18.9866,Nullreference,2.690109
18.99809,Nullreference,2.759674
19.00885,Nullreference,3.001917
19.01999,Nullreference,3.191615
19.03113,Nullreference,3.422751
19.0426,Nullreference,3.397586
19.05366,Nullreference,3.257574
19.06437,Nullreference,3.648634
19.07558,Nullreference,3.950433
19.08699,Nullreference,4.042387
19.09786,Nullreference,4.128263
19.10938,Nullreference,4.203515
19.12088,Nullreference,4.241144
19.13102,Nullreference,4.237339
19.14219,Nullreference,4.073549
19.15323,Nullreference,3.924564
19.16437,Nullreference,3.666872
19.17542,Nullreference,3.39719
19.18651,Nullreference,3.205265
19.1976,Nullreference,2.992341
19.2087,Nullreference,2.804
19.21979,Nullreference,2.598227
19.23098,Nullreference,2.447262
19.24204,Nullreference,2.422529
19.25314,Nullreference,2.397425
19.26421,Nullreference,2.494635
19.27534,Nullreference,2.541829
19.28646,Nullreference,2.728216
19.29755,Nullreference,2.880028
19.30866,Nullreference,3.097179
19.31974,Nullreference,3.156813
19.33086,Nullreference,3.176826
19.34203,Nullreference,3.191125
19.35316,Nullreference,3.259119
19.36431,Nullreference,3.274589
19.37548,Nullreference,3.292461
19.38668,Nullreference,3.276711
19.39766,Nullreference,3.220627
19.4088,Nullreference,3.149303
19.41989,Nullreference,3.060771
19.431,Nullreference,2.910728
19.44213,Nullreference,2.782614
19.45333,Nullreference,2.735792
19.46445,Nullreference,2.659937
19.47552,Nullreference,2.558004
19.48658,Nullreference,2.394913
19.49773,Nullreference,2.31403
19.50884,Nullreference,2.131023
19.5199,Nullreference,2.016488
19.53104,Nullreference,1.854095
19.54214,Nullreference,1.722963
19.55338,Nullreference,1.609303
19.56445,Nullreference,1.521181
19.57555,Nullreference,1.419852
19.58655,Nullreference,1.336692
19.59764,Nullreference,1.30031
19.6089,Nullreference,1.243139
19.61988,Nullreference,1.228622
19.631,Nullreference,1.212379
19.64211,Nullreference,1.242326
19.65327,Nullreference,1.313469
19.66447,Nullreference,1.425358
19.67543,Nullreference,1.527632
19.68651,Nullreference,1.592472
19.69762,Nullreference,1.670034
19.70876,Nullreference,1.723435
19.71983,Nullreference,1.764183
19.73095,Nullreference,1.794081
19.74203,Nullreference,1.863508
19.75339,Nullreference,1.877233
19.76427,Nullreference,1.861105
19.77554,Nullreference,1.8315
19.78656,Nullreference,1.818754
19.79761,Nullreference,1.787494
19.80882,Nullreference,1.751703
19.81985,Nullreference,1.703593
19.83094,Nullreference,1.649
19.84211,Nullreference,1.62623
19.85317,Nullreference,1.621872
19.86427,Nullreference,1.612837
19.87539,Nullreference,1.618076
19.88651,Nullreference,1.645331
19.89763,Nullreference,1.700634
19.90964,Nullreference,1.763692
19.91984,Nullreference,1.833548
19.93107,Nullreference,1.810726
19.94231,Nullreference,1.682231
19.95322,Nullreference,1.700354
19.96442,Nullreference,1.657347
19.97546,Nullreference,1.62284
19.98654,Nullreference,1.507287
19.99771,Nullreference,1.275533
20.00896,Nullreference,0.8132092
20.01987,Nullreference,0.7088619
20.03099,Nullreference,0.6048846
20.04213,Nullreference,0.2123505
20.0532,Nullreference,0.5999376
20.06434,Nullreference,0.9284973
20.07543,Nullreference,1.107123
20.0865,Nullreference,1.387317
20.09757,Nullreference,1.581185
20.10871,Nullreference,1.844105
20.11987,Nullreference,2.033077
20.13089,Nullreference,2.104188
20.14204,Nullreference,2.13881
20.15312,Nullreference,2.137201
20.16418,Nullreference,2.03326
20.17545,Nullreference,2.055629
20.18638,Nullreference,1.977729
20.19746,Nullreference,1.81753
20.20856,Nullreference,1.687384
20.21968,Nullreference,1.523129
20.23081,Nullreference,1.313626
20.24192,Nullreference,1.133976
20.25305,Nullreference,0.931048
20.26411,Nullreference,0.7942441
20.27536,Nullreference,0.6966976
20.28634,Nullreference,0.6396146
20.29744,Nullreference,0.6124256
20.30857,Nullreference,0.6145254
20.31965,Nullreference,0.6479632
20.33085,Nullreference,0.7423241
20.34191,Nullreference,0.8227136
20.35368,Nullreference,0.8862538
20.36414,Nullreference,0.9184834
20.37528,Nullreference,0.928792
20.38634,Nullreference,0.9422309
20.39754,Nullreference,0.9174702
20.40862,Nullreference,0.8913141
20.41968,Nullreference,0.8686714
20.43084,Nullreference,0.9053623
20.44213,Nullreference,0.9086093
20.45313,Nullreference,0.9589773
20.46415,Nullreference,0.9660444
20.47526,Nullreference,1.049272
20.48636,Nullreference,1.131668
20.49749,Nullreference,1.271428
20.5086,Nullreference,1.383117
20.51969,Nullreference,1.475059
20.5308,Nullreference,1.530904
20.54189,Nullreference,1.556898
20.55299,Nullreference,1.575497
20.56426,Nullreference,1.609244
20.57539,Nullreference,1.653466
20.58654,Nullreference,1.717304
20.59745,Nullreference,1.699039
20.60858,Nullreference,1.627105
20.61973,Nullreference,1.557755
20.63082,Nullreference,1.422018
20.64189,Nullreference,1.247762
20.65298,Nullreference,1.055543
20.66409,Nullreference,0.7418898
20.67523,Nullreference,0.4357326
20.6863,Nullreference,0.311379
20.69755,Nullreference,0.609288
20.70851,Nullreference,0.9569925
20.71963,Nullreference,1.179121
20.73074,Nullreference,1.34419
20.7419,Nullreference,1.42419
20.75297,Nullreference,1.408268
20.76418,Nullreference,1.369216
20.77517,Nullreference,1.264182
20.78626,Nullreference,1.111746
20.79737,Nullreference,0.9673139
20.80848,Nullreference,0.7976482
20.81965,Nullreference,0.4796925
20.83072,Nullreference,0.3308913
20.84184,Nullreference,0.3479749
20.85295,Nullreference,0.3933552
20.86398,Nullreference,0.4545467
20.87516,Nullreference,0.4955015
20.8862,Nullreference,0.5025102
20.8974,Nullreference,0.4542856
20.90841,Nullreference,0.4208435
20.91953,Nullreference,0.5267738
20.93065,Nullreference,0.6175956
20.94179,Nullreference,0.6604481
20.95289,Nullreference,0.7215189
20.9646,Nullreference,0.6738569
20.97517,Nullreference,0.6170939
20.98623,Nullreference,0.5634005
20.99732,Nullreference,0.5107992
21.00847,Nullreference,0.4675413
21.02124,Nullreference,0.4787408
21.03178,Nullreference,0.5371147
21.04214,Nullreference,0.5963824
21.05293,Nullreference,0.6626723
21.06399,Nullreference,0.7135573
21.07508,Nullreference,0.8059011
21.08616,Nullreference,0.8646709
21.09729,Nullreference,0.9177298
21.10841,Nullreference,0.9410562
21.11949,Nullreference,0.9659442
21.1306,Nullreference,0.9282133
21.14179,Nullreference,0.9347269
21.15279,Nullreference,0.9420868
21.16394,Nullreference,0.9012295
21.17505,Nullreference,0.8772806
21.18685,Nullreference,0.8635656
21.19722,Nullreference,0.8216972
21.20838,Nullreference,0.7656447
21.21945,Nullreference,0.8189057
21.23056,Nullreference,0.611804
21.24167,Nullreference,0.5623835
21.25274,Nullreference,0.4881816
21.26388,Nullreference,0.4283839
21.27515,Nullreference,0.3854342
21.28608,Nullreference,0.3514718
21.29736,Nullreference,0.4152149
21.3083,Nullreference,0.4249115
21.3194,Nullreference,0.503993
21.33055,Nullreference,0.605082
21.34166,Nullreference,0.6632349
21.35276,Nullreference,0.7050536
21.36388,Nullreference,0.72894
21.37497,Nullreference,0.7289369
21.38612,Nullreference,0.6938454
21.39717,Nullreference,0.6446913
21.40834,Nullreference,0.6471236
21.41936,Nullreference,0.6098155
21.43048,Nullreference,0.5788232
21.44159,Nullreference,0.5669608
21.45272,Nullreference,0.564585
21.46377,Nullreference,0.5605316
21.47489,Nullreference,0.5448013
21.48597,Nullreference,0.4973882
21.4971,Nullreference,0.4895063
21.50826,Nullreference,0.4756661
21.51985,Nullreference,0.4501618
21.53134,Nullreference,0.4505036
21.54162,Nullreference,0.4198581
21.55262,Nullreference,0.4243646
21.56373,Nullreference,0.4935089
21.57494,Nullreference,0.5300387
21.58621,Nullreference,0.5271061
21.5976,Nullreference,0.504783
21.60838,Nullreference,0.5622864
21.61935,Nullreference,0.6103492
21.63064,Nullreference,0.6445445
21.64157,Nullreference,0.6721703
21.65263,Nullreference,0.7027849
21.66376,Nullreference,0.6743974
21.67492,Nullreference,0.6856747
21.68593,Nullreference,0.7298929
21.69707,Nullreference,0.7381288
21.70818,Nullreference,0.7563117
21.7193,Nullreference,0.8305217
21.7305,Nullreference,0.831654
21.74162,Nullreference,0.8561221
21.75259,Nullreference,0.7516161
21.76377,Nullreference,0.4658318
21.7748,Nullreference,0.4849418
21.78594,Nullreference,0.5416762
21.79703,Nullreference,0.5817103
21.80817,Nullreference,0.5482787
21.81941,Nullreference,0.5776065
21.83047,Nullreference,0.5983626
21.84152,Nullreference,0.5786813
21.85256,Nullreference,0.514578
21.86369,Nullreference,0.5008083
21.87521,Nullreference,0.4671842
21.88591,Nullreference,0.3804783
21.89709,Nullreference,0.3476139
21.90813,Nullreference,0.3606099
21.91926,Nullreference,0.3118021
21.93036,Nullreference,0.2861585
21.94144,Nullreference,0.2986707
21.95257,Nullreference,0.3919676
21.96364,Nullreference,0.3491126
21.97479,Nullreference,0.3102462
21.98595,Nullreference,0.3154918
21.99696,Nullreference,0.3773526
22.00807,Nullreference,0.4277258
22.01921,Nullreference,0.4862138
22.03031,Nullreference,0.5120701
22.04146,Nullreference,0.5397029
22.05283,Nullreference,0.4826641
22.06367,Nullreference,0.3979333
22.07476,Nullreference,0.3149355
22.08582,Nullreference,0.3038467
22.0969,Nullreference,0.3133139
22.10803,Nullreference,0.3689192
22.11912,Nullreference,0.4515001
22.13054,Nullreference,0.5308343
22.14141,Nullreference,0.5634364
22.15243,Nullreference,0.5482198
22.1636,Nullreference,0.5424679
22.17468,Nullreference,0.4999395
22.18575,Nullreference,0.5056731
22.1969,Nullreference,0.6512451
22.20804,Nullreference,0.7503419
22.21914,Nullreference,0.8297949
22.23026,Nullreference,0.9149745
22.24134,Nullreference,0.954523
22.2525,Nullreference,0.9586349
22.26378,Nullreference,0.9284845
22.27472,Nullreference,0.9071507
22.28587,Nullreference,0.8520048
22.29702,Nullreference,0.7772955
22.30809,Nullreference,0.7432306
22.31916,Nullreference,0.7074938
22.33032,Nullreference,0.6899562
22.34145,Nullreference,0.6823164
22.35248,Nullreference,0.6636412
22.36358,Nullreference,0.5684105
22.37473,Nullreference,0.4959448
22.38581,Nullreference,0.4363717
22.3969,Nullreference,0.3530985
22.40803,Nullreference,0.2929198
22.4192,Nullreference,0.3291365
22.43029,Nullreference,0.3474932
22.44184,Nullreference,0.1405499
22.45248,Nullreference,0.1028175
22.46355,Nullreference,0.1261178
22.47474,Nullreference,0.2371104
22.4859,Nullreference,0.2921865
22.49697,Nullreference,0.3127693
22.50799,Nullreference,0.3166662
22.51911,Nullreference,0.3466535
22.53022,Nullreference,0.3029153
22.54131,Nullreference,0.2551589
22.55242,Nullreference,0.16591
22.56349,Nullreference,0.1842588
22.57471,Nullreference,0.293368
22.58571,Nullreference,0.3609078
22.59684,Nullreference,0.4070325
22.60792,Nullreference,0.4479384
22.61904,Nullreference,0.4104322
22.63013,Nullreference,0.3355541
22.64121,Nullreference,0.24269
22.6524,Nullreference,0.09759901
22.66346,Nullreference,0.1438095
22.67504,Nullreference,0.2843722
22.68566,Nullreference,0.4042841
22.69689,Nullreference,0.5200793
22.70794,Nullreference,0.5009493
22.71895,Nullreference,0.4311699
22.73016,Nullreference,0.323907
22.74128,Nullreference,0.2187838
22.75231,Nullreference,0.1563844
22.76344,Nullreference,0.1481211
22.77456,Nullreference,0.1256826
22.78563,Nullreference,0.1205421
22.79678,Nullreference,0.1309249
22.80785,Nullreference,0.1273554
22.81893,Nullreference,0.1350099
22.83025,Nullreference,0.05190285
22.84116,Nullreference,0.1233748
22.85224,Nullreference,0.1833773
22.86335,Nullreference,0.2696658
22.87446,Nullreference,0.2800275
22.88553,Nullreference,0.2944512
22.89671,Nullreference,0.3415397
22.90775,Nullreference,0.3609541
22.91885,Nullreference,0.3890031
22.92994,Nullreference,0.4396566
22.94112,Nullreference,0.4298363
22.95224,Nullreference,0.4227667
22.96323,Nullreference,0.351032
22.97435,Nullreference,0.3507125
22.98545,Nullreference,0.3559204
22.99654,Nullreference,0.3840418
23.0077,Nullreference,0.4266354
23.01873,Nullreference,0.4240371
23.02987,Nullreference,0.4083086
23.04096,Nullreference,0.2989525
23.0521,Nullreference,0.2627956
23.06324,Nullreference,0.303125
23.07435,Nullreference,0.2795955
23.0854,Nullreference,0.2820153
23.09657,Nullreference,0.3577939
23.10759,Nullreference,0.4539904
23.11871,Nullreference,0.5696798
23.12991,Nullreference,0.5524503
23.14089,Nullreference,0.4519639
23.15199,Nullreference,0.4126284
23.16312,Nullreference,0.4235629
23.17426,Nullreference,0.4874986
23.18531,Nullreference,0.4781546
23.19638,Nullreference,0.4778097
23.20753,Nullreference,0.4580904
23.2186,Nullreference,0.3746275
23.22978,Nullreference,0.3432645
23.24082,Nullreference,0.2856952
23.2521,Nullreference,0.2047744
23.26305,Nullreference,0.1168642
23.27418,Nullreference,0.08888654
23.28529,Nullreference,0.3268443
23.29636,Nullreference,0.5270423
23.30907,Nullreference,0.7263123
23.31897,Nullreference,0.8783127
23.32977,Nullreference,0.975549
23.34091,Nullreference,1.010673
23.35194,Nullreference,0.9932132
23.36311,Nullreference,1.028197
23.37418,Nullreference,1.070454
23.38535,Nullreference,1.08327
23.39643,Nullreference,1.062135
23.40749,Nullreference,1.019345
23.41869,Nullreference,0.9421564
23.42977,Nullreference,0.8920697
23.44084,Nullreference,0.8716846
23.45195,Nullreference,0.8385285
23.46302,Nullreference,0.734486
23.47418,Nullreference,0.6782917
23.48534,Nullreference,0.6535587
23.4965,Nullreference,0.6558762
23.5076,Nullreference,0.7789286
23.51866,Nullreference,0.7723207
23.52979,Nullreference,0.6380895
23.54095,Nullreference,0.5092288
23.55191,Nullreference,0.34534
23.56309,Nullreference,0.2433446
23.5743,Nullreference,0.1904532
23.5853,Nullreference,0.1733399
23.59639,Nullreference,0.1608598
23.60792,Nullreference,0.2147387
23.61864,Nullreference,0.2623453
23.6298,Nullreference,0.2913205
23.64082,Nullreference,0.291281
23.65194,Nullreference,0.2814034
23.66308,Nullreference,0.3172541
23.67414,Nullreference,0.3556528
23.68528,Nullreference,0.3503312
23.6964,Nullreference,0.3029923
23.70747,Nullreference,0.2968834
23.71857,Nullreference,0.2016699
23.72988,Nullreference,0.1578902
23.74083,Nullreference,0.06444868
23.75186,Nullreference,0.1111815
23.76297,Nullreference,0.1679434
23.77415,Nullreference,0.2316194
23.78523,Nullreference,0.2798749
23.79636,Nullreference,0.3574507
23.80744,Nullreference,0.4395787
23.81852,Nullreference,0.5274692
23.83012,Nullreference,0.6200332
23.84144,Nullreference,0.6487516
23.85221,Nullreference,0.6943988
23.86299,Nullreference,0.6958522
23.8741,Nullreference,0.6079134
23.88525,Nullreference,0.5810221
23.89634,Nullreference,0.5892932
23.90748,Nullreference,0.6006305
23.91852,Nullreference,0.7592695
23.92972,Nullreference,0.6160203
23.94078,Nullreference,0.4606989
23.95188,Nullreference,0.4329691
23.96317,Nullreference,0.3975471
23.97416,Nullreference,0.4046998
23.98523,Nullreference,0.3972361
23.99631,Nullreference,0.3694839
24.00824,Nullreference,0.3094746
24.01863,Nullreference,0.2714654
24.02976,Nullreference,0.3403083
24.04077,Nullreference,0.4458162
24.05185,Nullreference,0.6225427
24.06297,Nullreference,0.8518778
24.07408,Nullreference,1.059653
24.08516,Nullreference,1.321562
24.09628,Nullreference,1.540563
24.10736,Nullreference,1.797404
24.11849,Nullreference,2.005626
24.12967,Nullreference,2.096271
24.14076,Nullreference,2.234405
24.15181,Nullreference,2.375154
24.16296,Nullreference,2.441903
24.17405,Nullreference,2.345543
24.18507,Nullreference,2.136451
24.19616,Nullreference,1.775417
24.20732,Nullreference,1.517774
24.21842,Nullreference,1.23842
24.22963,Nullreference,1.054063
24.24067,Nullreference,0.81622
24.25173,Nullreference,0.688305
24.26282,Nullreference,0.612244
24.27395,Nullreference,0.5951678
24.28504,Nullreference,0.5678197
24.29617,Nullreference,0.6079727
24.30728,Nullreference,0.683502
24.31838,Nullreference,0.7772872
24.32954,Nullreference,0.7852356
24.3406,Nullreference,0.7635843
24.35169,Nullreference,0.6539138
24.36279,Nullreference,0.6013737
24.37413,Nullreference,0.4723382
24.38496,Nullreference,0.3820525
24.39609,Nullreference,0.2754128
24.40726,Nullreference,0.159315
24.41832,Nullreference,0.2360163
24.42952,Nullreference,0.3030447
24.44054,Nullreference,0.4056101
24.45169,Nullreference,0.517586
24.46281,Nullreference,0.5941706
24.47396,Nullreference,0.6748759
24.485,Nullreference,0.7497633
24.49623,Nullreference,0.8063093
24.5073,Nullreference,0.8213083
24.5184,Nullreference,0.7702228
24.5298,Nullreference,0.729066
24.54063,Nullreference,0.7320622
24.55174,Nullreference,0.7101773
24.56286,Nullreference,0.7539577
24.57431,Nullreference,0.8052197
24.58589,Nullreference,0.7968477
24.59619,Nullreference,0.8361239
24.60762,Nullreference,0.8616137
24.61838,Nullreference,0.8973902
24.62953,Nullreference,0.8815213
24.64054,Nullreference,0.8525971
24.65169,Nullreference,0.8009579
24.66281,Nullreference,0.760966
24.67389,Nullreference,0.7338023
24.68499,Nullreference,0.7570662
24.69614,Nullreference,0.7807842
24.70726,Nullreference,0.840699
24.71832,Nullreference,0.897468
24.72949,Nullreference,0.8938694
24.74057,Nullreference,0.8877738
24.75165,Nullreference,0.8827682
24.76272,Nullreference,0.8474355
24.77393,Nullreference,0.8117034
24.78503,Nullreference,0.7825592
24.79619,Nullreference,0.7899708
24.80722,Nullreference,0.7779833
24.8184,Nullreference,0.7500322
24.83,Nullreference,0.6980298
24.84127,Nullreference,0.6253994
24.85231,Nullreference,0.5602009
24.86272,Nullreference,0.4874833
24.87385,Nullreference,0.434884
24.88494,Nullreference,0.4087205
24.89605,Nullreference,0.4050933
24.90721,Nullreference,0.4108937
24.91828,Nullreference,0.4732709
24.92936,Nullreference,0.478013
24.94053,Nullreference,0.4499206
24.95157,Nullreference,0.3938428
24.96275,Nullreference,0.2642005
24.97382,Nullreference,0.0945344
24.9849,Nullreference,0.270092
24.99602,Nullreference,0.5492357
25.0072,Nullreference,0.6435534
25.01826,Nullreference,0.7006857
25.02934,Nullreference,0.639377
25.0405,Nullreference,0.6479055
25.05164,Nullreference,0.6370005
25.06271,Nullreference,0.6624579
25.07377,Nullreference,0.6911838
25.08492,Nullreference,0.6876808
25.09614,Nullreference,0.6787097
25.10783,Nullreference,0.6367133
25.1185,Nullreference,0.5553041
25.12932,Nullreference,0.5411965
25.14047,Nullreference,0.4485524
25.15161,Nullreference,0.4765638
25.16269,Nullreference,0.5957105
25.17389,Nullreference,0.7052714
25.18487,Nullreference,0.7444801
25.196,Nullreference,0.8306417
25.20712,Nullreference,0.7789331
25.21815,Nullreference,0.66942
25.22928,Nullreference,0.5145596
25.24045,Nullreference,0.3961268
25.25163,Nullreference,0.2975757
25.26259,Nullreference,0.2418268
25.2738,Nullreference,0.2029437
25.28485,Nullreference,0.2301234
25.29597,Nullreference,0.260747
25.30703,Nullreference,0.2454032
25.31816,Nullreference,0.2237725
25.32939,Nullreference,0.2259277
25.34049,Nullreference,0.2608644
25.35146,Nullreference,0.2229385
25.36267,Nullreference,0.1874616
25.37369,Nullreference,0.1492582
25.3848,Nullreference,0.1300551
25.39594,Nullreference,0.1049033
25.40718,Nullreference,0.1330931
25.41827,Nullreference,0.1446381
25.4292,Nullreference,0.2051685
25.44034,Nullreference,0.2830724
25.45145,Nullreference,0.3344418
25.46251,Nullreference,0.3747338
25.47363,Nullreference,0.4126229
25.48478,Nullreference,0.4331959
25.49638,Nullreference,0.4453335
25.5073,Nullreference,0.4534919
25.51852,Nullreference,0.4492148
25.52919,Nullreference,0.438646
25.54029,Nullreference,0.4359682
25.55135,Nullreference,0.429236
25.56253,Nullreference,0.4320194
25.5736,Nullreference,0.4230215
25.58467,Nullreference,0.4118133
25.59582,Nullreference,0.391886
25.6097,Nullreference,0.3720653
25.62096,Nullreference,0.3314893
25.63195,Nullreference,0.299248
25.64297,Nullreference,0.2577304
25.65372,Nullreference,0.2093951
25.66375,Nullreference,0.1733003
25.67386,Nullreference,0.1572736
25.68389,Nullreference,0.1753244
25.69482,Nullreference,0.2107323
25.70488,Nullreference,0.2760334
25.71588,Nullreference,0.3337335
25.72702,Nullreference,0.3995467
25.73855,Nullreference,0.4637372
25.74899,Nullreference,0.5273572
25.75949,Nullreference,0.5904347
25.77052,Nullreference,0.6848958
25.78161,Nullreference,0.7913968
25.79251,Nullreference,0.8804197
25.80362,Nullreference,0.9883033
25.81479,Nullreference,1.105449
25.82585,Nullreference,1.160217
25.83699,Nullreference,1.224948
25.84813,Nullreference,1.245764
25.85937,Nullreference,1.2328
25.87034,Nullreference,1.21819
25.88142,Nullreference,1.175572
25.89256,Nullreference,1.135421
25.90367,Nullreference,1.099204
25.91479,Nullreference,1.080482
25.92586,Nullreference,0.9778692
25.93697,Nullreference,0.8641217
25.94809,Nullreference,0.7143313
25.95916,Nullreference,0.5723392
25.97025,Nullreference,0.3992815
25.98152,Nullreference,0.2697348
25.99252,Nullreference,0.1412206
26.00359,Nullreference,0.1639498
26.01492,Nullreference,0.2594308
26.02621,Nullreference,0.2704182
26.03752,Nullreference,0.1855142
26.0488,Nullreference,0.06929791
26.06009,Nullreference,0.04141913
26.07139,Nullreference,0.06112438
26.08268,Nullreference,0.1610547
26.09395,Nullreference,0.3234714
26.10528,Nullreference,0.4376926
26.11661,Nullreference,0.4652728
26.12786,Nullreference,0.4615209
26.1392,Nullreference,0.4791465
26.15048,Nullreference,0.4907816
26.16177,Nullreference,0.5097244
26.17285,Nullreference,0.5220878
26.18448,Nullreference,0.4947992
26.19547,Nullreference,0.470068
26.20678,Nullreference,0.5250313
26.21799,Nullreference,0.5509075
26.22935,Nullreference,0.5751783
26.24036,Nullreference,0.6070885
26.25156,Nullreference,0.620833
26.26362,Nullreference,0.5960491
26.2751,Nullreference,0.5439126
26.2875,Nullreference,0.4364269
26.29907,Nullreference,0.31806
26.31035,Nullreference,0.1855257
26.32118,Nullreference,0.09524485
26.33235,Nullreference,0.1029142
26.34337,Nullreference,0.1781869
26.35384,Nullreference,0.2117361
26.36502,Nullreference,0.2923769
26.37654,Nullreference,0.3133049
26.38774,Nullreference,0.2973545
26.39904,Nullreference,0.2775718
26.40994,Nullreference,0.334401
26.42089,Nullreference,0.5667489
26.4318,Nullreference,0.6939157
26.44292,Nullreference,0.6639684
26.45466,Nullreference,0.5566943
26.46607,Nullreference,0.4855748
26.47685,Nullreference,0.4073972
26.48736,Nullreference,0.3365119
26.49873,Nullreference,0.2558862
26.50943,Nullreference,0.2094749
26.52074,Nullreference,0.1583839
26.53145,Nullreference,0.1255487
26.54243,Nullreference,0.09066252
26.55292,Nullreference,0.06190995
26.56397,Nullreference,0.04441565
26.57521,Nullreference,0.0467238
26.58597,Nullreference,0.05816149
26.59744,Nullreference,0.07858655
26.60853,Nullreference,0.09358352
26.61935,Nullreference,0.1013561
26.63112,Nullreference,0.10442
26.64271,Nullreference,0.09431437
26.6538,Nullreference,0.07635139
26.66489,Nullreference,0.04913424
26.67538,Nullreference,0.0414429
26.68634,Nullreference,0.03710317
26.69738,Nullreference,0.04702332
26.70814,Nullreference,0.06327645
26.71862,Nullreference,0.08124314
26.72904,Nullreference,0.08936881
26.74032,Nullreference,0.1032417
26.75141,Nullreference,0.1266147
26.76191,Nullreference,0.1332151
26.77295,Nullreference,0.1369573
26.78399,Nullreference,0.133829
26.79499,Nullreference,0.1251276
26.80631,Nullreference,0.1131215
26.81709,Nullreference,0.1048911
26.828,Nullreference,0.09565841
26.83923,Nullreference,0.0918938
26.85007,Nullreference,0.08954303
26.86127,Nullreference,0.08700801
26.87197,Nullreference,0.08598842
26.88294,Nullreference,0.09136226
26.89379,Nullreference,0.08494976
26.90463,Nullreference,0.08171428
26.91556,Nullreference,0.074552
26.92718,Nullreference,0.06985798
26.93868,Nullreference,0.07376437
26.94961,Nullreference,0.08209992
26.9606,Nullreference,0.08485877
26.97609,Nullreference,0.09449268
26.98751,Nullreference,0.09826398
26.99795,Nullreference,0.1069974
27.00893,Nullreference,0.124488
27.01962,Nullreference,0.1465582
27.02957,Nullreference,0.1708126
27.04091,Nullreference,0.1882293
27.05187,Nullreference,0.2032181
27.06291,Nullreference,0.2036467
27.07514,Nullreference,0.1925764
27.08592,Nullreference,0.1652474
27.09687,Nullreference,0.1302311
27.10794,Nullreference,0.1002152
27.11949,Nullreference,0.09474891
27.12998,Nullreference,0.1113679
27.14136,Nullreference,0.1380599
27.15228,Nullreference,0.1689368
27.16325,Nullreference,0.188523
27.17392,Nullreference,0.2035663
27.18507,Nullreference,0.212816
27.19583,Nullreference,0.2101101
27.20645,Nullreference,0.1878652
27.21748,Nullreference,0.1676824
27.22849,Nullreference,0.1395101
27.23956,Nullreference,0.1255118
27.25035,Nullreference,0.1318256
27.2613,Nullreference,0.1471779
27.27183,Nullreference,0.148264
27.28306,Nullreference,0.1448582
27.29384,Nullreference,0.135656
27.3047,Nullreference,0.1184632
27.3159,Nullreference,0.1055676
27.32662,Nullreference,0.1026281
27.33789,Nullreference,0.09259965
27.3486,Nullreference,0.1035952
27.35911,Nullreference,0.104889
27.37069,Nullreference,0.1130798
27.38158,Nullreference,0.1211111
27.39239,Nullreference,0.1153534
27.4033,Nullreference,0.106596
27.4147,Nullreference,0.08963955
27.42919,Nullreference,0.07526662
27.44346,Nullreference,0.06566034
27.45452,Nullreference,0.05641109
27.46525,Nullreference,0.04610167
27.47628,Nullreference,0.04827047
27.48757,Nullreference,0.04508884
27.4981,Nullreference,0.04730368
27.50912,Nullreference,0.05577812
27.52004,Nullreference,0.06383764
27.53134,Nullreference,0.06057952
27.54295,Nullreference,0.06502549
27.55951,Nullreference,0.06502549
